{"version": "1", "message": "ERROR: Hidden Testcases server unreachable.", "problem_id": "ads2_m16_a1_1", "user_id": "harshithaRao5", "score": {"sample": {"0": {"execution_time": 1.9537408351898193, "passed": false}, "1": {"execution_time": 2.386784553527832, "passed": false}, "2": {"execution_time": 3.173990488052368, "passed": false}, "3": {"execution_time": 2.786376476287842, "passed": false}, "4": {"execution_time": 2.750425338745117, "passed": false}, "5": {"execution_time": 2.67244291305542, "passed": false}, "6": {"execution_time": 2.899264335632324, "passed": false}, "7": {"execution_time": 2.88852596282959, "passed": false}, "8": {"execution_time": 2.255789279937744, "passed": false}, "9": {"execution_time": 1.4198133945465088, "passed": false}, "10": {"execution_time": 1.3553872108459473, "passed": false}, "11": {"execution_time": 10.027713298797607, "passed": false}, "12": {"execution_time": 3.09138560295105, "passed": false}, "13": {"execution_time": 1.7229759693145752, "passed": true}, "14": {"execution_time": 1.562159776687622, "passed": false}, "15": {"execution_time": 10.17396855354309, "passed": false}, "16": {"execution_time": 2.1579244136810303, "passed": false}, "17": {"execution_time": 2.044539451599121, "passed": false}, "18": {"execution_time": 2.114429473876953, "passed": false}, "19": {"execution_time": 10.041778564453125, "passed": false}, "20": {"execution_time": 10.05664610862732, "passed": false}, "21": {"execution_time": 0.6881380081176758, "passed": false}, "22": {"execution_time": 0.6568608283996582, "passed": false}, "23": {"execution_time": 10.086048603057861, "passed": false}, "24": {"execution_time": 1.8174517154693604, "passed": true}, "25": {"execution_time": 10.169200420379639, "passed": false}, "26": {"execution_time": 10.116716146469116, "passed": false}, "27": {"execution_time": 10.775341510772705, "passed": false}, "28": {"execution_time": 10.895447015762329, "passed": false}, "29": {"execution_time": 1.6656644344329834, "passed": false}}}, "check_style_score": "0/1"}