{"version": "1", "message": "ERROR: Hidden Testcases server unreachable.", "problem_id": "ads2_m16_a1_1", "user_id": "harshithaRao5", "score": {"sample": {"0": {"execution_time": 0.5660028457641602, "passed": true}, "1": {"execution_time": 0.6561520099639893, "passed": true}, "2": {"execution_time": 0.9022715091705322, "passed": true}, "3": {"execution_time": 1.1588101387023926, "passed": true}, "4": {"execution_time": 1.1033954620361328, "passed": true}, "5": {"execution_time": 1.1285781860351562, "passed": true}, "6": {"execution_time": 1.0918958187103271, "passed": true}, "7": {"execution_time": 1.124544620513916, "passed": true}, "8": {"execution_time": 0.5753173828125, "passed": true}, "9": {"execution_time": 1.089883804321289, "passed": true}, "10": {"execution_time": 1.064594030380249, "passed": true}, "11": {"execution_time": 8.061004638671875, "passed": true}, "12": {"execution_time": 1.1089038848876953, "passed": true}, "13": {"execution_time": 0.4976804256439209, "passed": true}, "14": {"execution_time": 1.045055866241455, "passed": true}, "15": {"execution_time": 1.1645927429199219, "passed": true}, "16": {"execution_time": 0.616337776184082, "passed": true}, "17": {"execution_time": 0.5808637142181396, "passed": true}, "18": {"execution_time": 0.6243488788604736, "passed": true}, "19": {"execution_time": 0.6710865497589111, "passed": true}, "20": {"execution_time": 0.7171535491943359, "passed": true}, "21": {"execution_time": 0.5949950218200684, "passed": true}, "22": {"execution_time": 0.6018631458282471, "passed": true}, "23": {"execution_time": 0.6317052841186523, "passed": true}, "24": {"execution_time": 0.46759676933288574, "passed": true}, "25": {"execution_time": 1.1785778999328613, "passed": true}, "26": {"execution_time": 0.9817876815795898, "passed": true}, "27": {"execution_time": 1.2611651420593262, "passed": true}, "28": {"execution_time": 1.7584125995635986, "passed": true}, "29": {"execution_time": 0.5237412452697754, "passed": true}}}, "check_style_score": "0/1"}