{"version": "1", "message": "ERROR: Hidden Testcases server unreachable.", "problem_id": "ads2_m16_a1_1", "user_id": "harshithaRao5", "score": {"sample": {"0": {"execution_time": 0.7251508235931396, "passed": true}, "1": {"execution_time": 0.5671496391296387, "passed": true}, "2": {"execution_time": 0.8306992053985596, "passed": true}, "3": {"execution_time": 1.1409993171691895, "passed": true}, "4": {"execution_time": 1.1315934658050537, "passed": true}, "5": {"execution_time": 1.1155240535736084, "passed": true}, "6": {"execution_time": 1.2789313793182373, "passed": true}, "7": {"execution_time": 1.1552302837371826, "passed": true}, "8": {"execution_time": 0.6118402481079102, "passed": true}, "9": {"execution_time": 1.0640807151794434, "passed": true}, "10": {"execution_time": 1.1049058437347412, "passed": true}, "11": {"execution_time": 7.897648334503174, "passed": true}, "12": {"execution_time": 1.1143817901611328, "passed": true}, "13": {"execution_time": 0.5032212734222412, "passed": true}, "14": {"execution_time": 1.0586199760437012, "passed": true}, "15": {"execution_time": 1.1695423126220703, "passed": true}, "16": {"execution_time": 0.6372900009155273, "passed": true}, "17": {"execution_time": 0.5729196071624756, "passed": true}, "18": {"execution_time": 0.6639282703399658, "passed": true}, "19": {"execution_time": 0.6430268287658691, "passed": true}, "20": {"execution_time": 0.6586263179779053, "passed": true}, "21": {"execution_time": 0.6584999561309814, "passed": true}, "22": {"execution_time": 0.6009299755096436, "passed": true}, "23": {"execution_time": 0.5737600326538086, "passed": true}, "24": {"execution_time": 0.6708436012268066, "passed": true}, "25": {"execution_time": 1.22611665725708, "passed": true}, "26": {"execution_time": 0.9875500202178955, "passed": true}, "27": {"execution_time": 1.1734950542449951, "passed": true}, "28": {"execution_time": 1.744816541671753, "passed": true}, "29": {"execution_time": 0.4831242561340332, "passed": false}}}, "check_style_score": "0/1"}