{"version": "1", "message": "ERROR: Hidden Testcases server unreachable.", "problem_id": "ads2_m16_a1_1", "user_id": "harshithaRao5", "score": {"sample": {"0": {"execution_time": 1.4292490482330322, "passed": false}, "1": {"execution_time": 1.423266887664795, "passed": false}, "2": {"execution_time": 2.215177059173584, "passed": true}, "3": {"execution_time": 2.217411994934082, "passed": false}, "4": {"execution_time": 2.2717902660369873, "passed": false}, "5": {"execution_time": 2.2821435928344727, "passed": false}, "6": {"execution_time": 2.234473466873169, "passed": false}, "7": {"execution_time": 2.278978109359741, "passed": true}, "8": {"execution_time": 1.5852208137512207, "passed": false}, "9": {"execution_time": 1.0455400943756104, "passed": false}, "10": {"execution_time": 1.242276668548584, "passed": false}, "11": {"execution_time": 2.807077407836914, "passed": false}, "12": {"execution_time": 2.3392302989959717, "passed": false}, "13": {"execution_time": 1.3336889743804932, "passed": true}, "14": {"execution_time": 0.9908785820007324, "passed": false}, "15": {"execution_time": 10.114237308502197, "passed": false}, "16": {"execution_time": 1.654106855392456, "passed": true}, "17": {"execution_time": 1.635559320449829, "passed": false}, "18": {"execution_time": 1.5449039936065674, "passed": false}, "19": {"execution_time": 10.031052589416504, "passed": false}, "20": {"execution_time": 10.031854391098022, "passed": false}, "21": {"execution_time": 0.3115499019622803, "passed": false}, "22": {"execution_time": 0.33335137367248535, "passed": false}, "23": {"execution_time": 10.029685974121094, "passed": false}, "24": {"execution_time": 1.308852195739746, "passed": true}, "25": {"execution_time": 10.134039402008057, "passed": false}, "26": {"execution_time": 10.114579677581787, "passed": false}, "27": {"execution_time": 10.126892805099487, "passed": false}, "28": {"execution_time": 10.173537015914917, "passed": false}, "29": {"execution_time": 0.275928258895874, "passed": false}}}, "check_style_score": "0/1"}