{"version": "1", "message": "ERROR: Hidden Testcases server unreachable.", "problem_id": "ads2_m16_a1_1", "user_id": "harshithaRao5", "score": {"sample": {"0": {"execution_time": 1.2620155811309814, "passed": true}, "1": {"execution_time": 1.3254563808441162, "passed": true}, "2": {"execution_time": 1.9039499759674072, "passed": true}, "3": {"execution_time": 2.0131514072418213, "passed": true}, "4": {"execution_time": 2.075727939605713, "passed": true}, "5": {"execution_time": 2.0977513790130615, "passed": true}, "6": {"execution_time": 2.1088836193084717, "passed": true}, "7": {"execution_time": 2.0867371559143066, "passed": true}, "8": {"execution_time": 1.4041109085083008, "passed": true}, "9": {"execution_time": 1.0139949321746826, "passed": true}, "10": {"execution_time": 1.011852741241455, "passed": true}, "11": {"execution_time": 2.6774861812591553, "passed": true}, "12": {"execution_time": 2.0298469066619873, "passed": true}, "13": {"execution_time": 1.132354497909546, "passed": true}, "14": {"execution_time": 1.036060094833374, "passed": true}, "15": {"execution_time": 10.125831842422485, "passed": false}, "16": {"execution_time": 1.5150198936462402, "passed": true}, "17": {"execution_time": 1.524573564529419, "passed": true}, "18": {"execution_time": 1.3736464977264404, "passed": true}, "19": {"execution_time": 10.044155836105347, "passed": false}, "20": {"execution_time": 10.041554927825928, "passed": false}, "21": {"execution_time": 0.3232991695404053, "passed": true}, "22": {"execution_time": 0.37939453125, "passed": true}, "23": {"execution_time": 10.024446964263916, "passed": false}, "24": {"execution_time": 1.0582950115203857, "passed": true}, "25": {"execution_time": 10.12723970413208, "passed": false}, "26": {"execution_time": 10.130460500717163, "passed": false}, "27": {"execution_time": 10.140420913696289, "passed": false}, "28": {"execution_time": 10.175193786621094, "passed": false}, "29": {"execution_time": 0.22931575775146484, "passed": true}}}, "check_style_score": "0/1"}