{"version": "1", "message": "ERROR: Hidden Testcases server unreachable.", "problem_id": "ads2_m16_a1_1", "user_id": "harshithaRao5", "score": {"sample": {"0": {"execution_time": 0.3574044704437256, "passed": true}, "1": {"execution_time": 0.3887002468109131, "passed": true}, "2": {"execution_time": 0.9436390399932861, "passed": true}, "3": {"execution_time": 1.1297516822814941, "passed": true}, "4": {"execution_time": 1.1243445873260498, "passed": true}, "5": {"execution_time": 0.9808082580566406, "passed": true}, "6": {"execution_time": 0.9005470275878906, "passed": true}, "7": {"execution_time": 0.8972699642181396, "passed": true}, "8": {"execution_time": 0.5602796077728271, "passed": true}, "9": {"execution_time": 1.24281907081604, "passed": true}, "10": {"execution_time": 1.1087884902954102, "passed": true}, "11": {"execution_time": 5.6692047119140625, "passed": true}, "12": {"execution_time": 0.8495914936065674, "passed": true}, "13": {"execution_time": 0.5646617412567139, "passed": true}, "14": {"execution_time": 1.1150164604187012, "passed": true}, "15": {"execution_time": 1.1696641445159912, "passed": true}, "16": {"execution_time": 0.6860737800598145, "passed": true}, "17": {"execution_time": 0.7243309020996094, "passed": true}, "18": {"execution_time": 0.6656138896942139, "passed": true}, "19": {"execution_time": 0.632150411605835, "passed": true}, "20": {"execution_time": 0.6694197654724121, "passed": true}, "21": {"execution_time": 0.5924715995788574, "passed": true}, "22": {"execution_time": 0.5164644718170166, "passed": true}, "23": {"execution_time": 0.5564572811126709, "passed": true}, "24": {"execution_time": 0.6146821975708008, "passed": true}, "25": {"execution_time": 0.7108509540557861, "passed": true}, "26": {"execution_time": 0.7636697292327881, "passed": true}, "27": {"execution_time": 0.900503396987915, "passed": true}, "28": {"execution_time": 1.1666431427001953, "passed": true}, "29": {"execution_time": 0.5189614295959473, "passed": true}}}, "check_style_score": "0/1"}