{"version": "1", "message": "ERROR: Hidden Testcases server unreachable.", "problem_id": "ads2_m16_a1_1", "user_id": "harshithaRao5", "score": {"sample": {"0": {"execution_time": 0.5626463890075684, "passed": true}, "1": {"execution_time": 0.6096928119659424, "passed": true}, "2": {"execution_time": 1.0689477920532227, "passed": true}, "3": {"execution_time": 1.1141066551208496, "passed": true}, "4": {"execution_time": 1.1008505821228027, "passed": true}, "5": {"execution_time": 1.1157879829406738, "passed": true}, "6": {"execution_time": 1.0983078479766846, "passed": true}, "7": {"execution_time": 1.1408412456512451, "passed": true}, "8": {"execution_time": 0.6020174026489258, "passed": true}, "9": {"execution_time": 1.1114249229431152, "passed": true}, "10": {"execution_time": 1.0831005573272705, "passed": true}, "11": {"execution_time": 8.13761854171753, "passed": true}, "12": {"execution_time": 1.1425564289093018, "passed": true}, "13": {"execution_time": 0.49355411529541016, "passed": true}, "14": {"execution_time": 1.105133295059204, "passed": true}, "15": {"execution_time": 1.209825038909912, "passed": true}, "16": {"execution_time": 0.6062042713165283, "passed": true}, "17": {"execution_time": 0.600252628326416, "passed": true}, "18": {"execution_time": 0.40986108779907227, "passed": true}, "19": {"execution_time": 0.6266615390777588, "passed": true}, "20": {"execution_time": 0.6572797298431396, "passed": true}, "21": {"execution_time": 0.6343648433685303, "passed": true}, "22": {"execution_time": 0.5627741813659668, "passed": true}, "23": {"execution_time": 0.6161341667175293, "passed": true}, "24": {"execution_time": 0.4643213748931885, "passed": true}, "25": {"execution_time": 1.0645105838775635, "passed": true}, "26": {"execution_time": 1.0932693481445312, "passed": true}, "27": {"execution_time": 1.187213659286499, "passed": true}, "28": {"execution_time": 1.8129119873046875, "passed": true}, "29": {"execution_time": 0.4935910701751709, "passed": true}}}, "check_style_score": "0/1"}