{"version": "1", "message": "ERROR: Hidden Testcases server unreachable.", "problem_id": "ads2_m16_a1_1", "user_id": "harshithaRao5", "score": {"sample": {"0": {"execution_time": 0.6078109741210938, "passed": true}, "1": {"execution_time": 0.6540012359619141, "passed": true}, "2": {"execution_time": 0.7830710411071777, "passed": true}, "3": {"execution_time": 1.197556972503662, "passed": true}, "4": {"execution_time": 1.1971988677978516, "passed": true}, "5": {"execution_time": 1.1469449996948242, "passed": true}, "6": {"execution_time": 1.2968344688415527, "passed": true}, "7": {"execution_time": 1.0825142860412598, "passed": true}, "8": {"execution_time": 0.6287095546722412, "passed": true}, "9": {"execution_time": 1.2001028060913086, "passed": true}, "10": {"execution_time": 1.0673532485961914, "passed": true}, "11": {"execution_time": 7.9762938022613525, "passed": true}, "12": {"execution_time": 1.1680409908294678, "passed": true}, "13": {"execution_time": 0.5018126964569092, "passed": true}, "14": {"execution_time": 1.206991195678711, "passed": true}, "15": {"execution_time": 1.1811449527740479, "passed": true}, "16": {"execution_time": 0.6113226413726807, "passed": true}, "17": {"execution_time": 0.6279408931732178, "passed": true}, "18": {"execution_time": 0.5659101009368896, "passed": true}, "19": {"execution_time": 0.6511821746826172, "passed": true}, "20": {"execution_time": 0.682581901550293, "passed": true}, "21": {"execution_time": 0.6363115310668945, "passed": true}, "22": {"execution_time": 0.6438107490539551, "passed": true}, "23": {"execution_time": 0.6747183799743652, "passed": true}, "24": {"execution_time": 0.48419761657714844, "passed": true}, "25": {"execution_time": 1.2350804805755615, "passed": true}, "26": {"execution_time": 0.9810919761657715, "passed": true}, "27": {"execution_time": 1.1631853580474854, "passed": true}, "28": {"execution_time": 1.8011724948883057, "passed": true}, "29": {"execution_time": 0.5787196159362793, "passed": true}}}, "check_style_score": "0/1"}