{"version": "1", "message": "ERROR: Hidden Testcases server unreachable.", "problem_id": "ads2_m4_a1_1", "user_id": "harshithaRao5", "score": {"sample": {"0": {"execution_time": 0.876478910446167, "passed": true}, "1": {"execution_time": 0.25534820556640625, "passed": false}, "2": {"execution_time": 0.18494963645935059, "passed": false}, "3": {"execution_time": 0.18235087394714355, "passed": false}, "4": {"execution_time": 0.24621319770812988, "passed": false}, "5": {"execution_time": 0.21553397178649902, "passed": false}, "6": {"execution_time": 0.3090090751647949, "passed": false}, "7": {"execution_time": 0.22148442268371582, "passed": false}, "8": {"execution_time": 0.2703685760498047, "passed": true}, "9": {"execution_time": 0.23398923873901367, "passed": true}, "10": {"execution_time": 0.2234654426574707, "passed": true}, "11": {"execution_time": 0.1504378318786621, "passed": true}, "12": {"execution_time": 0.1663377285003662, "passed": true}, "13": {"execution_time": 0.2872958183288574, "passed": false}, "14": {"execution_time": 0.4698948860168457, "passed": true}}}, "check_style_score": "0/1"}