{"version": "1", "message": "ERROR: Hidden Testcases server unreachable.", "problem_id": "ads2_m4_a1_1", "user_id": "harshithaRao5", "score": {"sample": {"0": {"execution_time": 0.35745978355407715, "passed": false}, "1": {"execution_time": 0.3170814514160156, "passed": false}, "2": {"execution_time": 0.35393452644348145, "passed": false}, "3": {"execution_time": 0.5633721351623535, "passed": false}, "4": {"execution_time": 0.3686814308166504, "passed": false}, "5": {"execution_time": 0.3942725658416748, "passed": false}, "6": {"execution_time": 0.4718778133392334, "passed": false}, "7": {"execution_time": 0.39026427268981934, "passed": false}, "8": {"execution_time": 0.45944976806640625, "passed": false}, "9": {"execution_time": 0.5552291870117188, "passed": true}, "10": {"execution_time": 0.48082470893859863, "passed": true}, "11": {"execution_time": 0.47777438163757324, "passed": true}, "12": {"execution_time": 0.5788929462432861, "passed": true}, "13": {"execution_time": 1.1326932907104492, "passed": false}, "14": {"execution_time": 0.43993306159973145, "passed": true}}}, "check_style_score": "0/1"}