{"version": "1", "message": "ERROR: Hidden Testcases server unreachable.", "problem_id": "ads2_m4_a1_1", "user_id": "harshithaRao5", "score": {"sample": {"0": {"execution_time": 0.5320212841033936, "passed": true}, "1": {"execution_time": 0.3882780075073242, "passed": false}, "2": {"execution_time": 0.4093809127807617, "passed": false}, "3": {"execution_time": 0.45079660415649414, "passed": false}, "4": {"execution_time": 0.42118263244628906, "passed": false}, "5": {"execution_time": 0.3119194507598877, "passed": false}, "6": {"execution_time": 0.3769533634185791, "passed": false}, "7": {"execution_time": 0.4174983501434326, "passed": false}, "8": {"execution_time": 0.48295092582702637, "passed": true}, "9": {"execution_time": 0.49854564666748047, "passed": false}, "10": {"execution_time": 0.3903772830963135, "passed": false}, "11": {"execution_time": 0.3734767436981201, "passed": false}, "12": {"execution_time": 0.46222853660583496, "passed": false}, "13": {"execution_time": 0.37761640548706055, "passed": false}, "14": {"execution_time": 0.2600059509277344, "passed": false}}}, "check_style_score": "0/1"}