{"version": "1", "message": "ERROR: Hidden Testcases server unreachable.", "problem_id": "ads2_m4_a1_1", "user_id": "harshithaRao5", "score": {"sample": {"0": {"execution_time": 0.6473052501678467, "passed": true}, "1": {"execution_time": 0.35779476165771484, "passed": false}, "2": {"execution_time": 0.46762967109680176, "passed": false}, "3": {"execution_time": 0.4519805908203125, "passed": false}, "4": {"execution_time": 0.49083876609802246, "passed": false}, "5": {"execution_time": 0.5409014225006104, "passed": false}, "6": {"execution_time": 0.5447695255279541, "passed": false}, "7": {"execution_time": 0.4404430389404297, "passed": true}, "8": {"execution_time": 0.49257755279541016, "passed": true}, "9": {"execution_time": 0.5458345413208008, "passed": true}, "10": {"execution_time": 0.529991626739502, "passed": true}, "11": {"execution_time": 0.43013787269592285, "passed": true}, "12": {"execution_time": 0.2733433246612549, "passed": true}, "13": {"execution_time": 0.3004484176635742, "passed": false}, "14": {"execution_time": 0.5469772815704346, "passed": true}}}, "check_style_score": "0/1"}