{"version": "1", "message": "ERROR: Hidden Testcases server unreachable.", "problem_id": "ads2_m4_a1_1", "user_id": "harshithaRao5", "score": {"sample": {"0": {"execution_time": 0.5245921611785889, "passed": true}, "1": {"execution_time": 0.5122785568237305, "passed": true}, "2": {"execution_time": 0.63470458984375, "passed": true}, "3": {"execution_time": 0.49584221839904785, "passed": true}, "4": {"execution_time": 0.46478700637817383, "passed": true}, "5": {"execution_time": 0.38535165786743164, "passed": true}, "6": {"execution_time": 0.3475205898284912, "passed": true}, "7": {"execution_time": 0.44759202003479004, "passed": true}, "8": {"execution_time": 0.39493346214294434, "passed": true}, "9": {"execution_time": 0.37570977210998535, "passed": true}, "10": {"execution_time": 0.4494750499725342, "passed": true}, "11": {"execution_time": 0.40655970573425293, "passed": true}, "12": {"execution_time": 0.5243804454803467, "passed": true}, "13": {"execution_time": 1.1402997970581055, "passed": true}, "14": {"execution_time": 0.3636775016784668, "passed": true}}}, "check_style_score": "0/1"}