{"version": "1", "message": "ERROR: Hidden Testcases server unreachable.", "problem_id": "ads2_m4_a1_1", "user_id": "harshithaRao5", "score": {"sample": {"0": {"execution_time": 0.5665743350982666, "passed": true}, "1": {"execution_time": 0.3378415107727051, "passed": false}, "2": {"execution_time": 0.3294084072113037, "passed": false}, "3": {"execution_time": 0.42548513412475586, "passed": false}, "4": {"execution_time": 0.42497944831848145, "passed": false}, "5": {"execution_time": 0.44859838485717773, "passed": false}, "6": {"execution_time": 0.42320942878723145, "passed": false}, "7": {"execution_time": 0.40538620948791504, "passed": false}, "8": {"execution_time": 0.4544665813446045, "passed": true}, "9": {"execution_time": 0.36945247650146484, "passed": true}, "10": {"execution_time": 0.3389291763305664, "passed": true}, "11": {"execution_time": 0.30054187774658203, "passed": true}, "12": {"execution_time": 0.403609037399292, "passed": true}, "13": {"execution_time": 0.3723409175872803, "passed": false}, "14": {"execution_time": 0.3171513080596924, "passed": true}}}, "check_style_score": "0/1"}