{"version": "1", "message": "ERROR: Hidden Testcases server unreachable.", "problem_id": "ads2_m4_a1_1", "user_id": "harshithaRao5", "score": {"sample": {"0": {"execution_time": 0.5396428108215332, "passed": true}, "1": {"execution_time": 0.4421687126159668, "passed": false}, "2": {"execution_time": 0.44087672233581543, "passed": false}, "3": {"execution_time": 0.44208717346191406, "passed": false}, "4": {"execution_time": 0.38385629653930664, "passed": false}, "5": {"execution_time": 0.29126858711242676, "passed": false}, "6": {"execution_time": 0.39105653762817383, "passed": false}, "7": {"execution_time": 0.4292032718658447, "passed": false}, "8": {"execution_time": 0.4047839641571045, "passed": true}, "9": {"execution_time": 0.2784600257873535, "passed": true}, "10": {"execution_time": 0.46941232681274414, "passed": true}, "11": {"execution_time": 0.37850189208984375, "passed": false}, "12": {"execution_time": 0.3576064109802246, "passed": false}, "13": {"execution_time": 0.4769277572631836, "passed": false}, "14": {"execution_time": 0.49585914611816406, "passed": true}}}, "check_style_score": "0/1"}