{"version": "1", "message": "ERROR: Hidden Testcases server unreachable.", "problem_id": "ads2_m4_a1_1", "user_id": "harshithaRao5", "score": {"sample": {"0": {"execution_time": 0.5519282817840576, "passed": true}, "1": {"execution_time": 0.6039774417877197, "passed": false}, "2": {"execution_time": 0.48589110374450684, "passed": false}, "3": {"execution_time": 0.37980079650878906, "passed": false}, "4": {"execution_time": 0.45923471450805664, "passed": false}, "5": {"execution_time": 0.4977588653564453, "passed": false}, "6": {"execution_time": 0.5648956298828125, "passed": false}, "7": {"execution_time": 0.5960021018981934, "passed": false}, "8": {"execution_time": 0.4663097858428955, "passed": true}, "9": {"execution_time": 0.38462376594543457, "passed": true}, "10": {"execution_time": 0.45139288902282715, "passed": true}, "11": {"execution_time": 0.4688069820404053, "passed": false}, "12": {"execution_time": 0.5821657180786133, "passed": false}, "13": {"execution_time": 0.5190422534942627, "passed": false}, "14": {"execution_time": 0.3891787528991699, "passed": true}}}, "check_style_score": "0/1"}