{"version": "1", "message": "ERROR: Hidden Testcases server unreachable.", "problem_id": "ads2_m4_a1_1", "user_id": "harshithaRao5", "score": {"sample": {"0": {"execution_time": 0.5601425170898438, "passed": true}, "1": {"execution_time": 0.426530122756958, "passed": false}, "2": {"execution_time": 0.43304920196533203, "passed": false}, "3": {"execution_time": 0.4481983184814453, "passed": false}, "4": {"execution_time": 0.5648229122161865, "passed": false}, "5": {"execution_time": 0.6295397281646729, "passed": false}, "6": {"execution_time": 0.5863029956817627, "passed": false}, "7": {"execution_time": 0.49902844429016113, "passed": false}, "8": {"execution_time": 0.5362288951873779, "passed": true}, "9": {"execution_time": 0.4360055923461914, "passed": true}, "10": {"execution_time": 0.3857698440551758, "passed": true}, "11": {"execution_time": 0.44506120681762695, "passed": true}, "12": {"execution_time": 0.5008227825164795, "passed": true}, "13": {"execution_time": 0.4289431571960449, "passed": false}, "14": {"execution_time": 0.4349377155303955, "passed": true}}}, "check_style_score": "0/1"}