{"version": "1", "message": "ERROR: Hidden Testcases server unreachable.", "problem_id": "ads2_m4_a1_1", "user_id": "harshithaRao5", "score": {"sample": {"0": {"execution_time": 0.6792864799499512, "passed": true}, "1": {"execution_time": 0.29741692543029785, "passed": false}, "2": {"execution_time": 0.431560754776001, "passed": false}, "3": {"execution_time": 0.40018725395202637, "passed": false}, "4": {"execution_time": 0.45256948471069336, "passed": false}, "5": {"execution_time": 0.4817354679107666, "passed": false}, "6": {"execution_time": 0.3383290767669678, "passed": false}, "7": {"execution_time": 0.42293572425842285, "passed": false}, "8": {"execution_time": 0.5675559043884277, "passed": true}, "9": {"execution_time": 0.26323604583740234, "passed": true}, "10": {"execution_time": 0.3515284061431885, "passed": true}, "11": {"execution_time": 0.4442300796508789, "passed": false}, "12": {"execution_time": 0.39290595054626465, "passed": false}, "13": {"execution_time": 0.33823513984680176, "passed": false}, "14": {"execution_time": 0.32271456718444824, "passed": true}}}, "check_style_score": "0/1"}