{"version": "1", "message": "ERROR: Hidden Testcases server unreachable.", "problem_id": "ads2_m4_a1_1", "user_id": "harshithaRao5", "score": {"sample": {"0": {"execution_time": 0.6578137874603271, "passed": true}, "1": {"execution_time": 0.4025418758392334, "passed": false}, "2": {"execution_time": 0.3481099605560303, "passed": false}, "3": {"execution_time": 0.4813535213470459, "passed": false}, "4": {"execution_time": 0.483079195022583, "passed": false}, "5": {"execution_time": 0.6221160888671875, "passed": false}, "6": {"execution_time": 0.49892187118530273, "passed": false}, "7": {"execution_time": 0.37413668632507324, "passed": false}, "8": {"execution_time": 0.4625062942504883, "passed": true}, "9": {"execution_time": 0.3192424774169922, "passed": true}, "10": {"execution_time": 0.47199153900146484, "passed": true}, "11": {"execution_time": 0.39603376388549805, "passed": true}, "12": {"execution_time": 0.4924757480621338, "passed": true}, "13": {"execution_time": 0.45514869689941406, "passed": false}, "14": {"execution_time": 0.5915565490722656, "passed": true}}}, "check_style_score": "0/1"}