{"version": "1", "message": "ERROR: Hidden Testcases server unreachable.", "problem_id": "ads2_m4_a1_1", "user_id": "harshithaRao5", "score": {"sample": {"0": {"execution_time": 0.3409903049468994, "passed": false}, "1": {"execution_time": 0.3203096389770508, "passed": false}, "2": {"execution_time": 0.5881764888763428, "passed": false}, "3": {"execution_time": 0.4510207176208496, "passed": false}, "4": {"execution_time": 0.36116504669189453, "passed": false}, "5": {"execution_time": 0.562516450881958, "passed": false}, "6": {"execution_time": 0.4554266929626465, "passed": false}, "7": {"execution_time": 0.4446530342102051, "passed": false}, "8": {"execution_time": 0.4499633312225342, "passed": false}, "9": {"execution_time": 0.43520092964172363, "passed": true}, "10": {"execution_time": 0.3423635959625244, "passed": true}, "11": {"execution_time": 0.32825350761413574, "passed": true}, "12": {"execution_time": 0.4002974033355713, "passed": true}, "13": {"execution_time": 1.0808236598968506, "passed": false}, "14": {"execution_time": 0.41818785667419434, "passed": true}}}, "check_style_score": "0/1"}