{"version": "1", "message": "ERROR: Hidden Testcases server unreachable.", "problem_id": "ads2_m4_a1_1", "user_id": "harshithaRao5", "score": {"sample": {"0": {"execution_time": 0.2471151351928711, "passed": false}, "1": {"execution_time": 0.1945345401763916, "passed": false}, "2": {"execution_time": 0.2173292636871338, "passed": false}, "3": {"execution_time": 0.20168352127075195, "passed": false}, "4": {"execution_time": 0.21391057968139648, "passed": false}, "5": {"execution_time": 0.21415400505065918, "passed": false}, "6": {"execution_time": 0.21867823600769043, "passed": false}, "7": {"execution_time": 0.174086332321167, "passed": false}, "8": {"execution_time": 0.23412346839904785, "passed": false}, "9": {"execution_time": 0.23156523704528809, "passed": false}, "10": {"execution_time": 0.18645477294921875, "passed": false}, "11": {"execution_time": 0.1959075927734375, "passed": false}, "12": {"execution_time": 0.19628119468688965, "passed": false}, "13": {"execution_time": 0.19300079345703125, "passed": false}, "14": {"execution_time": 0.17318248748779297, "passed": false}}}, "check_style_score": "0/1"}