{"version": "1", "message": "ERROR: Hidden Testcases server unreachable.", "problem_id": "ads2_m4_a1_1", "user_id": "harshithaRao5", "score": {"sample": {"0": {"execution_time": 0.5447523593902588, "passed": false}, "1": {"execution_time": 0.44275569915771484, "passed": true}, "2": {"execution_time": 0.5479941368103027, "passed": true}, "3": {"execution_time": 0.5275928974151611, "passed": true}, "4": {"execution_time": 0.486356258392334, "passed": true}, "5": {"execution_time": 0.5352952480316162, "passed": true}, "6": {"execution_time": 0.437330961227417, "passed": true}, "7": {"execution_time": 0.47957849502563477, "passed": true}, "8": {"execution_time": 0.4972670078277588, "passed": false}, "9": {"execution_time": 0.42473697662353516, "passed": true}, "10": {"execution_time": 0.4187595844268799, "passed": true}, "11": {"execution_time": 0.4107697010040283, "passed": true}, "12": {"execution_time": 0.5280272960662842, "passed": true}, "13": {"execution_time": 1.274111032485962, "passed": true}, "14": {"execution_time": 0.47286105155944824, "passed": true}}}, "check_style_score": "0/1"}