{"version": "1", "message": "ERROR: Hidden Testcases server unreachable.", "problem_id": "ads2_m4_a1_1", "user_id": "harshithaRao5", "score": {"sample": {"0": {"execution_time": 0.6633744239807129, "passed": true}, "1": {"execution_time": 0.4277036190032959, "passed": false}, "2": {"execution_time": 0.342862606048584, "passed": false}, "3": {"execution_time": 0.41547656059265137, "passed": false}, "4": {"execution_time": 0.3147392272949219, "passed": false}, "5": {"execution_time": 0.46462368965148926, "passed": false}, "6": {"execution_time": 0.45976829528808594, "passed": false}, "7": {"execution_time": 0.3956935405731201, "passed": false}, "8": {"execution_time": 0.465625524520874, "passed": true}, "9": {"execution_time": 0.3362116813659668, "passed": true}, "10": {"execution_time": 0.40162038803100586, "passed": true}, "11": {"execution_time": 0.5498361587524414, "passed": true}, "12": {"execution_time": 0.5170836448669434, "passed": true}, "13": {"execution_time": 0.462019681930542, "passed": false}, "14": {"execution_time": 0.43550992012023926, "passed": true}}}, "check_style_score": "0/1"}