{"version": "1", "message": "ERROR: Hidden Testcases server unreachable.", "problem_id": "ads2_m4_a1_1", "user_id": "harshithaRao5", "score": {"sample": {"0": {"execution_time": 1.3091843128204346, "passed": true}, "1": {"execution_time": 0.33248090744018555, "passed": false}, "2": {"execution_time": 0.34002208709716797, "passed": false}, "3": {"execution_time": 0.31767773628234863, "passed": false}, "4": {"execution_time": 0.390244722366333, "passed": false}, "5": {"execution_time": 0.3284738063812256, "passed": false}, "6": {"execution_time": 0.3577594757080078, "passed": false}, "7": {"execution_time": 0.31503772735595703, "passed": false}, "8": {"execution_time": 0.6898226737976074, "passed": true}, "9": {"execution_time": 0.5415117740631104, "passed": true}, "10": {"execution_time": 0.5131404399871826, "passed": true}, "11": {"execution_time": 0.33779096603393555, "passed": false}, "12": {"execution_time": 0.28929781913757324, "passed": false}, "13": {"execution_time": 0.41451597213745117, "passed": false}, "14": {"execution_time": 0.43242359161376953, "passed": true}}}, "check_style_score": "0/1"}