{"version": "1", "message": "ERROR: Hidden Testcases server unreachable.", "problem_id": "ads2_m4_a1_1", "user_id": "harshithaRao5", "score": {"sample": {"0": {"execution_time": 0.3845250606536865, "passed": false}, "1": {"execution_time": 0.43747568130493164, "passed": false}, "2": {"execution_time": 0.3966379165649414, "passed": false}, "3": {"execution_time": 0.37279796600341797, "passed": false}, "4": {"execution_time": 0.38787245750427246, "passed": false}, "5": {"execution_time": 0.3990354537963867, "passed": false}, "6": {"execution_time": 0.4148836135864258, "passed": false}, "7": {"execution_time": 0.3320941925048828, "passed": false}, "8": {"execution_time": 0.5465307235717773, "passed": false}, "9": {"execution_time": 0.33740878105163574, "passed": false}, "10": {"execution_time": 0.4055063724517822, "passed": false}, "11": {"execution_time": 0.335796594619751, "passed": false}, "12": {"execution_time": 0.4283106327056885, "passed": false}, "13": {"execution_time": 0.42455482482910156, "passed": false}, "14": {"execution_time": 0.39144229888916016, "passed": false}}}, "check_style_score": "0/1"}