{"version": "1", "message": "ERROR: Hidden Testcases server unreachable.", "problem_id": "ads2_m4_a1_1", "user_id": "harshithaRao5", "score": {"sample": {"0": {"execution_time": 0.5270805358886719, "passed": true}, "1": {"execution_time": 0.5439639091491699, "passed": true}, "2": {"execution_time": 0.40094876289367676, "passed": true}, "3": {"execution_time": 0.6288752555847168, "passed": true}, "4": {"execution_time": 0.47170329093933105, "passed": true}, "5": {"execution_time": 0.4741954803466797, "passed": true}, "6": {"execution_time": 0.4655301570892334, "passed": true}, "7": {"execution_time": 0.47028565406799316, "passed": true}, "8": {"execution_time": 0.4972712993621826, "passed": true}, "9": {"execution_time": 0.4574446678161621, "passed": true}, "10": {"execution_time": 0.41504406929016113, "passed": true}, "11": {"execution_time": 0.36578941345214844, "passed": true}, "12": {"execution_time": 0.4850730895996094, "passed": true}, "13": {"execution_time": 1.1499907970428467, "passed": true}, "14": {"execution_time": 0.47374582290649414, "passed": true}}}, "check_style_score": "0/1"}