{"version": "1", "message": "ERROR: Hidden Testcases server unreachable.", "problem_id": "ads2_m4_a1_1", "user_id": "harshithaRao5", "score": {"sample": {"0": {"execution_time": 0.5338249206542969, "passed": true}, "1": {"execution_time": 0.36272430419921875, "passed": true}, "2": {"execution_time": 0.4409172534942627, "passed": true}, "3": {"execution_time": 0.555833101272583, "passed": true}, "4": {"execution_time": 0.4512324333190918, "passed": true}, "5": {"execution_time": 0.4633805751800537, "passed": true}, "6": {"execution_time": 0.5036036968231201, "passed": true}, "7": {"execution_time": 0.26687097549438477, "passed": true}, "8": {"execution_time": 0.44891834259033203, "passed": true}, "9": {"execution_time": 0.5402843952178955, "passed": true}, "10": {"execution_time": 0.4857146739959717, "passed": true}, "11": {"execution_time": 0.4391810894012451, "passed": true}, "12": {"execution_time": 0.41132354736328125, "passed": true}, "13": {"execution_time": 1.6619210243225098, "passed": true}, "14": {"execution_time": 0.5260236263275146, "passed": true}}}, "check_style_score": "0/1"}