{"version": "1", "message": "ERROR: Hidden Testcases server unreachable.", "problem_id": "ads2_m4_a1_1", "user_id": "harshithaRao5", "score": {"sample": {"0": {"execution_time": 0.5094494819641113, "passed": true}, "1": {"execution_time": 0.45732879638671875, "passed": false}, "2": {"execution_time": 0.4942643642425537, "passed": false}, "3": {"execution_time": 0.32857656478881836, "passed": false}, "4": {"execution_time": 0.3683030605316162, "passed": false}, "5": {"execution_time": 0.4997828006744385, "passed": false}, "6": {"execution_time": 0.4718508720397949, "passed": false}, "7": {"execution_time": 0.4121742248535156, "passed": true}, "8": {"execution_time": 0.5196552276611328, "passed": true}, "9": {"execution_time": 0.42693281173706055, "passed": true}, "10": {"execution_time": 0.45891642570495605, "passed": true}, "11": {"execution_time": 0.41397809982299805, "passed": true}, "12": {"execution_time": 0.436309814453125, "passed": true}, "13": {"execution_time": 0.4711728096008301, "passed": false}, "14": {"execution_time": 0.42942380905151367, "passed": true}}}, "check_style_score": "0/1"}