{"version": "1", "message": "ERROR: Hidden Testcases server unreachable.", "problem_id": "ads2_m4_a1_1", "user_id": "harshithaRao5", "score": {"sample": {"0": {"execution_time": 0.5913634300231934, "passed": true}, "1": {"execution_time": 0.4833345413208008, "passed": false}, "2": {"execution_time": 0.2699127197265625, "passed": false}, "3": {"execution_time": 0.3690371513366699, "passed": false}, "4": {"execution_time": 0.45538854598999023, "passed": false}, "5": {"execution_time": 0.5315475463867188, "passed": false}, "6": {"execution_time": 0.5319864749908447, "passed": false}, "7": {"execution_time": 0.561018705368042, "passed": false}, "8": {"execution_time": 0.444364070892334, "passed": true}, "9": {"execution_time": 0.328754186630249, "passed": true}, "10": {"execution_time": 0.4126713275909424, "passed": true}, "11": {"execution_time": 0.554546594619751, "passed": false}, "12": {"execution_time": 0.546832799911499, "passed": false}, "13": {"execution_time": 0.5035877227783203, "passed": false}, "14": {"execution_time": 0.41423726081848145, "passed": true}}}, "check_style_score": "0/1"}