{"version": "1", "message": "ERROR: Hidden Testcases server unreachable.", "problem_id": "ads2_m4_a1_1", "user_id": "harshithaRao5", "score": {"sample": {"0": {"execution_time": 0.4028308391571045, "passed": true}, "1": {"execution_time": 0.34183526039123535, "passed": false}, "2": {"execution_time": 0.52351975440979, "passed": false}, "3": {"execution_time": 0.3134469985961914, "passed": false}, "4": {"execution_time": 0.47965097427368164, "passed": false}, "5": {"execution_time": 0.5562946796417236, "passed": false}, "6": {"execution_time": 0.48414039611816406, "passed": false}, "7": {"execution_time": 0.512962818145752, "passed": false}, "8": {"execution_time": 0.41840338706970215, "passed": true}, "9": {"execution_time": 0.4214513301849365, "passed": true}, "10": {"execution_time": 0.46456384658813477, "passed": true}, "11": {"execution_time": 0.5126574039459229, "passed": false}, "12": {"execution_time": 0.4823317527770996, "passed": false}, "13": {"execution_time": 0.4143505096435547, "passed": false}, "14": {"execution_time": 0.3966207504272461, "passed": true}}}, "check_style_score": "0/1"}