{"version": "1", "message": "ERROR: Hidden Testcases server unreachable.", "problem_id": "ads2_m4_a1_1", "user_id": "harshithaRao5", "score": {"sample": {"0": {"execution_time": 0.37987422943115234, "passed": true}, "1": {"execution_time": 0.2867577075958252, "passed": true}, "2": {"execution_time": 0.7026922702789307, "passed": false}, "3": {"execution_time": 0.6264266967773438, "passed": false}, "4": {"execution_time": 0.46529078483581543, "passed": false}, "5": {"execution_time": 0.45955967903137207, "passed": false}, "6": {"execution_time": 0.505178689956665, "passed": false}, "7": {"execution_time": 0.5015904903411865, "passed": true}, "8": {"execution_time": 0.49641942977905273, "passed": true}, "9": {"execution_time": 0.44355130195617676, "passed": true}, "10": {"execution_time": 0.4392728805541992, "passed": true}, "11": {"execution_time": 0.5390799045562744, "passed": true}, "12": {"execution_time": 0.5073878765106201, "passed": true}, "13": {"execution_time": 0.985011100769043, "passed": false}, "14": {"execution_time": 0.4248530864715576, "passed": true}}}, "check_style_score": "0/1"}