{"version": "1", "message": "ERROR: Hidden Testcases server unreachable.", "problem_id": "ads2_m4_a1_1", "user_id": "harshithaRao5", "score": {"sample": {"0": {"execution_time": 0.2750108242034912, "passed": true}, "1": {"execution_time": 0.17714524269104004, "passed": false}, "2": {"execution_time": 0.2319653034210205, "passed": false}, "3": {"execution_time": 0.17722582817077637, "passed": false}, "4": {"execution_time": 0.21796607971191406, "passed": false}, "5": {"execution_time": 0.21120595932006836, "passed": false}, "6": {"execution_time": 0.22307920455932617, "passed": false}, "7": {"execution_time": 0.23626446723937988, "passed": false}, "8": {"execution_time": 0.2506225109100342, "passed": true}, "9": {"execution_time": 0.1863863468170166, "passed": true}, "10": {"execution_time": 0.20334434509277344, "passed": true}, "11": {"execution_time": 0.17688822746276855, "passed": true}, "12": {"execution_time": 0.17016935348510742, "passed": true}, "13": {"execution_time": 0.1975843906402588, "passed": false}, "14": {"execution_time": 0.1885087490081787, "passed": true}}}, "check_style_score": "0/1"}