{"version": "1", "message": "ERROR: Hidden Testcases server unreachable.", "problem_id": "ads2_m4_a1_1", "user_id": "harshithaRao5", "score": {"sample": {"0": {"execution_time": 0.5180437564849854, "passed": true}, "1": {"execution_time": 0.4383888244628906, "passed": false}, "2": {"execution_time": 0.37273502349853516, "passed": false}, "3": {"execution_time": 0.35272765159606934, "passed": false}, "4": {"execution_time": 0.4588150978088379, "passed": false}, "5": {"execution_time": 0.5132269859313965, "passed": false}, "6": {"execution_time": 0.5320360660552979, "passed": false}, "7": {"execution_time": 0.46545910835266113, "passed": false}, "8": {"execution_time": 0.4574906826019287, "passed": true}, "9": {"execution_time": 0.4830498695373535, "passed": true}, "10": {"execution_time": 0.5019299983978271, "passed": true}, "11": {"execution_time": 0.3861231803894043, "passed": true}, "12": {"execution_time": 0.39125561714172363, "passed": true}, "13": {"execution_time": 0.41447949409484863, "passed": false}, "14": {"execution_time": 0.40836334228515625, "passed": true}}}, "check_style_score": "0/1"}