{"version": "1", "message": "ERROR: Hidden Testcases server unreachable.", "problem_id": "ads2_m4_a1_1", "user_id": "harshithaRao5", "score": {"sample": {"0": {"execution_time": 0.5122880935668945, "passed": true}, "1": {"execution_time": 0.5801022052764893, "passed": true}, "2": {"execution_time": 0.580782413482666, "passed": false}, "3": {"execution_time": 0.31868481636047363, "passed": false}, "4": {"execution_time": 0.3807950019836426, "passed": false}, "5": {"execution_time": 0.35231876373291016, "passed": false}, "6": {"execution_time": 0.4369032382965088, "passed": false}, "7": {"execution_time": 0.5198447704315186, "passed": true}, "8": {"execution_time": 0.44719576835632324, "passed": true}, "9": {"execution_time": 0.22352004051208496, "passed": false}, "10": {"execution_time": 0.5164763927459717, "passed": false}, "11": {"execution_time": 0.4147756099700928, "passed": false}, "12": {"execution_time": 0.35282349586486816, "passed": false}, "13": {"execution_time": 1.2192859649658203, "passed": false}, "14": {"execution_time": 0.40204858779907227, "passed": false}}}, "check_style_score": "0/1"}