{"version": "1", "message": "ERROR: Hidden Testcases server unreachable.", "problem_id": "ads2_m4_a1_1", "user_id": "harshithaRao5", "score": {"sample": {"0": {"execution_time": 0.47640442848205566, "passed": false}, "1": {"execution_time": 0.3363180160522461, "passed": false}, "2": {"execution_time": 0.40900325775146484, "passed": false}, "3": {"execution_time": 0.4635312557220459, "passed": false}, "4": {"execution_time": 0.4302785396575928, "passed": false}, "5": {"execution_time": 0.3670332431793213, "passed": false}, "6": {"execution_time": 0.40324878692626953, "passed": false}, "7": {"execution_time": 0.45203661918640137, "passed": false}, "8": {"execution_time": 0.43445754051208496, "passed": false}, "9": {"execution_time": 0.5677444934844971, "passed": false}, "10": {"execution_time": 0.3891599178314209, "passed": false}, "11": {"execution_time": 0.3762040138244629, "passed": false}, "12": {"execution_time": 0.39411330223083496, "passed": false}, "13": {"execution_time": 0.42502427101135254, "passed": false}, "14": {"execution_time": 0.4339265823364258, "passed": false}}}, "check_style_score": "0/1"}