{"version": "1", "message": "ERROR: Hidden Testcases server unreachable.", "problem_id": "ads2_m4_a1_1", "user_id": "harshithaRao5", "score": {"sample": {"0": {"execution_time": 0.4579956531524658, "passed": false}, "1": {"execution_time": 0.41082191467285156, "passed": false}, "2": {"execution_time": 0.34656262397766113, "passed": false}, "3": {"execution_time": 0.4500000476837158, "passed": false}, "4": {"execution_time": 0.344219446182251, "passed": false}, "5": {"execution_time": 0.2694113254547119, "passed": false}, "6": {"execution_time": 0.3786473274230957, "passed": false}, "7": {"execution_time": 0.44504857063293457, "passed": false}, "8": {"execution_time": 0.5648069381713867, "passed": false}, "9": {"execution_time": 0.591249942779541, "passed": false}, "10": {"execution_time": 0.46539759635925293, "passed": false}, "11": {"execution_time": 0.4060831069946289, "passed": false}, "12": {"execution_time": 0.33045053482055664, "passed": false}, "13": {"execution_time": 0.28431200981140137, "passed": false}, "14": {"execution_time": 0.49832940101623535, "passed": false}}}, "check_style_score": "0/1"}