{"version": "1", "message": "ERROR: Hidden Testcases server unreachable.", "problem_id": "ads2_m4_a1_1", "user_id": "harshithaRao5", "score": {"sample": {"0": {"execution_time": 0.45757532119750977, "passed": true}, "1": {"execution_time": 0.48230409622192383, "passed": false}, "2": {"execution_time": 0.3331172466278076, "passed": false}, "3": {"execution_time": 0.40557408332824707, "passed": false}, "4": {"execution_time": 0.3800342082977295, "passed": false}, "5": {"execution_time": 0.4168674945831299, "passed": false}, "6": {"execution_time": 0.4944651126861572, "passed": false}, "7": {"execution_time": 0.4307870864868164, "passed": false}, "8": {"execution_time": 0.5966930389404297, "passed": true}, "9": {"execution_time": 0.4790644645690918, "passed": true}, "10": {"execution_time": 0.4137876033782959, "passed": true}, "11": {"execution_time": 0.4930717945098877, "passed": false}, "12": {"execution_time": 0.5396761894226074, "passed": false}, "13": {"execution_time": 0.41326022148132324, "passed": false}, "14": {"execution_time": 0.554349422454834, "passed": true}}}, "check_style_score": "0/1"}