{"version": "1", "message": "ERROR: Hidden Testcases server unreachable.", "problem_id": "ads2_m4_a1_1", "user_id": "harshithaRao5", "score": {"sample": {"0": {"execution_time": 0.3956787586212158, "passed": true}, "1": {"execution_time": 0.3732335567474365, "passed": false}, "2": {"execution_time": 0.265458345413208, "passed": false}, "3": {"execution_time": 0.4272127151489258, "passed": false}, "4": {"execution_time": 0.38930749893188477, "passed": false}, "5": {"execution_time": 0.30487632751464844, "passed": false}, "6": {"execution_time": 0.42496180534362793, "passed": false}, "7": {"execution_time": 0.24776363372802734, "passed": false}, "8": {"execution_time": 0.6566612720489502, "passed": false}, "9": {"execution_time": 0.5549383163452148, "passed": false}, "10": {"execution_time": 0.4879262447357178, "passed": false}, "11": {"execution_time": 0.3870363235473633, "passed": false}, "12": {"execution_time": 0.37525224685668945, "passed": false}, "13": {"execution_time": 0.4169001579284668, "passed": false}, "14": {"execution_time": 0.46344709396362305, "passed": false}}}, "check_style_score": "0/1"}