{"version": "1", "message": "ERROR: Hidden Testcases server unreachable.", "problem_id": "ads2_m4_a1_1", "user_id": "harshithaRao5", "score": {"sample": {"0": {"execution_time": 0.6362385749816895, "passed": true}, "1": {"execution_time": 0.4870178699493408, "passed": false}, "2": {"execution_time": 0.3898165225982666, "passed": false}, "3": {"execution_time": 0.5111227035522461, "passed": false}, "4": {"execution_time": 0.4418294429779053, "passed": false}, "5": {"execution_time": 0.606785774230957, "passed": false}, "6": {"execution_time": 0.5461132526397705, "passed": false}, "7": {"execution_time": 0.39881372451782227, "passed": false}, "8": {"execution_time": 0.43049192428588867, "passed": true}, "9": {"execution_time": 0.5774874687194824, "passed": true}, "10": {"execution_time": 0.4454028606414795, "passed": true}, "11": {"execution_time": 0.4275074005126953, "passed": true}, "12": {"execution_time": 0.4374210834503174, "passed": true}, "13": {"execution_time": 0.43428897857666016, "passed": false}, "14": {"execution_time": 0.4180772304534912, "passed": true}}}, "check_style_score": "0/1"}