{"version": "1", "message": "ERROR: Hidden Testcases server unreachable.", "problem_id": "ads2_m4_a1_1", "user_id": "harshithaRao5", "score": {"sample": {"0": {"execution_time": 0.3420372009277344, "passed": false}, "1": {"execution_time": 0.4178948402404785, "passed": false}, "2": {"execution_time": 0.5691959857940674, "passed": false}, "3": {"execution_time": 0.596015214920044, "passed": false}, "4": {"execution_time": 0.4776191711425781, "passed": false}, "5": {"execution_time": 0.36151766777038574, "passed": false}, "6": {"execution_time": 0.4271228313446045, "passed": false}, "7": {"execution_time": 0.2461988925933838, "passed": false}, "8": {"execution_time": 0.45186424255371094, "passed": false}, "9": {"execution_time": 0.47097158432006836, "passed": false}, "10": {"execution_time": 0.3688845634460449, "passed": false}, "11": {"execution_time": 0.4260077476501465, "passed": true}, "12": {"execution_time": 0.482799768447876, "passed": true}, "13": {"execution_time": 1.4946622848510742, "passed": false}, "14": {"execution_time": 0.45838260650634766, "passed": false}}}, "check_style_score": "0/1"}