{"version": "1", "message": "ERROR: Hidden Testcases server unreachable.", "problem_id": "ads2_m4_a1_1", "user_id": "harshithaRao5", "score": {"sample": {"0": {"execution_time": 0.40767598152160645, "passed": false}, "1": {"execution_time": 0.5708496570587158, "passed": false}, "2": {"execution_time": 0.5407884120941162, "passed": false}, "3": {"execution_time": 0.5782082080841064, "passed": false}, "4": {"execution_time": 0.4071226119995117, "passed": false}, "5": {"execution_time": 0.5604884624481201, "passed": false}, "6": {"execution_time": 0.3037123680114746, "passed": false}, "7": {"execution_time": 0.5034112930297852, "passed": false}, "8": {"execution_time": 0.5257632732391357, "passed": false}, "9": {"execution_time": 0.4143486022949219, "passed": true}, "10": {"execution_time": 0.38181018829345703, "passed": true}, "11": {"execution_time": 0.4561324119567871, "passed": true}, "12": {"execution_time": 0.4284665584564209, "passed": true}, "13": {"execution_time": 1.5458674430847168, "passed": false}, "14": {"execution_time": 0.46308398246765137, "passed": true}}}, "check_style_score": "0/1"}