{"version": "1", "message": "ERROR: Hidden Testcases server unreachable.", "problem_id": "ads2_m4_a1_1", "user_id": "harshithaRao5", "score": {"sample": {"0": {"execution_time": 0.5802247524261475, "passed": true}, "1": {"execution_time": 0.3534221649169922, "passed": false}, "2": {"execution_time": 0.4382946491241455, "passed": false}, "3": {"execution_time": 0.38373279571533203, "passed": false}, "4": {"execution_time": 0.38155484199523926, "passed": false}, "5": {"execution_time": 0.4040822982788086, "passed": false}, "6": {"execution_time": 0.3569059371948242, "passed": false}, "7": {"execution_time": 0.4094727039337158, "passed": false}, "8": {"execution_time": 0.5362989902496338, "passed": true}, "9": {"execution_time": 0.40177202224731445, "passed": true}, "10": {"execution_time": 0.41997647285461426, "passed": true}, "11": {"execution_time": 0.38776326179504395, "passed": true}, "12": {"execution_time": 0.4078948497772217, "passed": true}, "13": {"execution_time": 0.420886754989624, "passed": false}, "14": {"execution_time": 0.44716525077819824, "passed": true}}}, "check_style_score": "0/1"}