{"version": "1", "message": "ERROR: Hidden Testcases server unreachable.", "problem_id": "ads2_m4_a1_1", "user_id": "harshithaRao5", "score": {"sample": {"0": {"execution_time": 0.615647554397583, "passed": false}, "1": {"execution_time": 0.4703693389892578, "passed": false}, "2": {"execution_time": 0.4696178436279297, "passed": false}, "3": {"execution_time": 0.26552796363830566, "passed": false}, "4": {"execution_time": 0.44139647483825684, "passed": false}, "5": {"execution_time": 0.29138755798339844, "passed": false}, "6": {"execution_time": 0.36966848373413086, "passed": false}, "7": {"execution_time": 0.4464681148529053, "passed": false}, "8": {"execution_time": 0.5903966426849365, "passed": false}, "9": {"execution_time": 0.540759801864624, "passed": false}, "10": {"execution_time": 0.5160586833953857, "passed": false}, "11": {"execution_time": 0.39986681938171387, "passed": false}, "12": {"execution_time": 0.3557901382446289, "passed": false}, "13": {"execution_time": 0.4505937099456787, "passed": false}, "14": {"execution_time": 0.405484676361084, "passed": false}}}, "check_style_score": "0/1"}