{"version": "1", "message": "ERROR: Hidden Testcases server unreachable.", "problem_id": "ads2_m4_a1_1", "user_id": "harshithaRao5", "score": {"sample": {"0": {"execution_time": 0.9167745113372803, "passed": true}, "1": {"execution_time": 0.445648193359375, "passed": false}, "2": {"execution_time": 0.45996522903442383, "passed": false}, "3": {"execution_time": 0.48303723335266113, "passed": false}, "4": {"execution_time": 0.560046911239624, "passed": false}, "5": {"execution_time": 0.5267903804779053, "passed": false}, "6": {"execution_time": 0.581392765045166, "passed": false}, "7": {"execution_time": 0.45071864128112793, "passed": false}, "8": {"execution_time": 0.47882843017578125, "passed": true}, "9": {"execution_time": 0.430023193359375, "passed": true}, "10": {"execution_time": 0.47231364250183105, "passed": true}, "11": {"execution_time": 0.4609084129333496, "passed": true}, "12": {"execution_time": 0.42934274673461914, "passed": true}, "13": {"execution_time": 0.39008021354675293, "passed": false}, "14": {"execution_time": 0.45954394340515137, "passed": true}}}, "check_style_score": "0/1"}