{"version": "1", "message": "ERROR: Hidden Testcases server unreachable.", "problem_id": "ads2_m4_a1_1", "user_id": "harshithaRao5", "score": {"sample": {"0": {"execution_time": 0.42258667945861816, "passed": true}, "1": {"execution_time": 0.45856404304504395, "passed": false}, "2": {"execution_time": 0.500584602355957, "passed": false}, "3": {"execution_time": 0.4150681495666504, "passed": false}, "4": {"execution_time": 0.5040638446807861, "passed": false}, "5": {"execution_time": 0.4989931583404541, "passed": false}, "6": {"execution_time": 0.5557467937469482, "passed": false}, "7": {"execution_time": 0.6171934604644775, "passed": true}, "8": {"execution_time": 0.5345284938812256, "passed": true}, "9": {"execution_time": 0.49970054626464844, "passed": true}, "10": {"execution_time": 0.49762463569641113, "passed": true}, "11": {"execution_time": 0.3732919692993164, "passed": true}, "12": {"execution_time": 0.4370839595794678, "passed": true}, "13": {"execution_time": 0.3827211856842041, "passed": false}, "14": {"execution_time": 0.5501511096954346, "passed": true}}}, "check_style_score": "0/1"}