{"version": "1", "message": "ERROR: Hidden Testcases server unreachable.", "problem_id": "ads2_m4_a1_1", "user_id": "harshithaRao5", "score": {"sample": {"0": {"execution_time": 0.39312243461608887, "passed": true}, "1": {"execution_time": 0.36034607887268066, "passed": false}, "2": {"execution_time": 0.35231685638427734, "passed": false}, "3": {"execution_time": 0.5584943294525146, "passed": false}, "4": {"execution_time": 0.4590640068054199, "passed": false}, "5": {"execution_time": 0.4625706672668457, "passed": false}, "6": {"execution_time": 0.4994990825653076, "passed": false}, "7": {"execution_time": 0.4973471164703369, "passed": false}, "8": {"execution_time": 0.5550212860107422, "passed": true}, "9": {"execution_time": 0.4455749988555908, "passed": true}, "10": {"execution_time": 0.4106581211090088, "passed": true}, "11": {"execution_time": 0.4282679557800293, "passed": true}, "12": {"execution_time": 0.3773345947265625, "passed": true}, "13": {"execution_time": 0.39522814750671387, "passed": false}, "14": {"execution_time": 0.34842753410339355, "passed": true}}}, "check_style_score": "0/1"}