{"version": "1", "message": "ERROR: Hidden Testcases server unreachable.", "problem_id": "ads2_m4_a1_1", "user_id": "harshithaRao5", "score": {"sample": {"0": {"execution_time": 0.3702266216278076, "passed": true}, "1": {"execution_time": 0.4790346622467041, "passed": false}, "2": {"execution_time": 0.4661264419555664, "passed": false}, "3": {"execution_time": 0.4107074737548828, "passed": false}, "4": {"execution_time": 0.34112071990966797, "passed": false}, "5": {"execution_time": 0.536984920501709, "passed": false}, "6": {"execution_time": 0.44866943359375, "passed": false}, "7": {"execution_time": 0.4984397888183594, "passed": false}, "8": {"execution_time": 0.5529143810272217, "passed": true}, "9": {"execution_time": 0.4273505210876465, "passed": true}, "10": {"execution_time": 0.3961818218231201, "passed": true}, "11": {"execution_time": 0.5568387508392334, "passed": false}, "12": {"execution_time": 0.4499526023864746, "passed": false}, "13": {"execution_time": 0.38167548179626465, "passed": false}, "14": {"execution_time": 0.40279173851013184, "passed": true}}}, "check_style_score": "0/1"}