{"version": "1", "message": "ERROR: Hidden Testcases server unreachable.", "problem_id": "ads2_m4_a1_1", "user_id": "harshithaRao5", "score": {"sample": {"0": {"execution_time": 0.1639871597290039, "passed": false}, "1": {"execution_time": 0.20543169975280762, "passed": false}, "2": {"execution_time": 0.23993587493896484, "passed": false}, "3": {"execution_time": 0.17508888244628906, "passed": false}, "4": {"execution_time": 0.18360018730163574, "passed": false}, "5": {"execution_time": 0.17283940315246582, "passed": false}, "6": {"execution_time": 0.2139570713043213, "passed": false}, "7": {"execution_time": 0.20452427864074707, "passed": false}, "8": {"execution_time": 0.1818714141845703, "passed": false}, "9": {"execution_time": 0.19052577018737793, "passed": false}, "10": {"execution_time": 0.19224834442138672, "passed": false}, "11": {"execution_time": 0.19978833198547363, "passed": false}, "12": {"execution_time": 0.2529311180114746, "passed": false}, "13": {"execution_time": 0.20195722579956055, "passed": false}, "14": {"execution_time": 0.18824100494384766, "passed": false}}}, "check_style_score": "0/1"}