{"version": "1", "message": "ERROR: Hidden Testcases server unreachable.", "problem_id": "ads2_m4_a1_1", "user_id": "harshithaRao5", "score": {"sample": {"0": {"execution_time": 0.24793457984924316, "passed": true}, "1": {"execution_time": 0.29489779472351074, "passed": true}, "2": {"execution_time": 0.262587308883667, "passed": true}, "3": {"execution_time": 0.38765740394592285, "passed": true}, "4": {"execution_time": 0.3714132308959961, "passed": true}, "5": {"execution_time": 0.29374027252197266, "passed": true}, "6": {"execution_time": 0.26214003562927246, "passed": true}, "7": {"execution_time": 0.2620401382446289, "passed": true}, "8": {"execution_time": 0.26201915740966797, "passed": true}, "9": {"execution_time": 0.19829106330871582, "passed": true}, "10": {"execution_time": 0.24466204643249512, "passed": true}, "11": {"execution_time": 0.21906352043151855, "passed": true}, "12": {"execution_time": 0.223663330078125, "passed": true}, "13": {"execution_time": 0.8913636207580566, "passed": true}, "14": {"execution_time": 0.21459102630615234, "passed": true}}}, "check_style_score": "0/1"}