{"version": "1", "message": "ERROR: Hidden Testcases server unreachable.", "problem_id": "ads2_m4_a1_1", "user_id": "harshithaRao5", "score": {"sample": {"0": {"execution_time": 0.31371068954467773, "passed": true}, "1": {"execution_time": 0.20098638534545898, "passed": false}, "2": {"execution_time": 0.16477751731872559, "passed": false}, "3": {"execution_time": 0.19530797004699707, "passed": false}, "4": {"execution_time": 0.1667804718017578, "passed": false}, "5": {"execution_time": 0.19182658195495605, "passed": false}, "6": {"execution_time": 0.21735692024230957, "passed": false}, "7": {"execution_time": 0.18296051025390625, "passed": false}, "8": {"execution_time": 0.23704981803894043, "passed": true}, "9": {"execution_time": 0.1997230052947998, "passed": true}, "10": {"execution_time": 0.2220306396484375, "passed": true}, "11": {"execution_time": 0.18540692329406738, "passed": true}, "12": {"execution_time": 0.16170120239257812, "passed": true}, "13": {"execution_time": 0.1775369644165039, "passed": false}, "14": {"execution_time": 0.1724104881286621, "passed": true}}}, "check_style_score": "0/1"}