{"version": "1", "message": "ERROR: Hidden Testcases server unreachable.", "problem_id": "ads2_m4_a1_1", "user_id": "harshithaRao5", "score": {"sample": {"0": {"execution_time": 0.4734628200531006, "passed": false}, "1": {"execution_time": 0.34618687629699707, "passed": false}, "2": {"execution_time": 0.2467949390411377, "passed": false}, "3": {"execution_time": 0.4377450942993164, "passed": false}, "4": {"execution_time": 0.44867634773254395, "passed": false}, "5": {"execution_time": 0.35472559928894043, "passed": false}, "6": {"execution_time": 0.4235827922821045, "passed": false}, "7": {"execution_time": 0.5366384983062744, "passed": false}, "8": {"execution_time": 0.3293321132659912, "passed": false}, "9": {"execution_time": 0.5131754875183105, "passed": true}, "10": {"execution_time": 0.4915120601654053, "passed": true}, "11": {"execution_time": 0.44103550910949707, "passed": false}, "12": {"execution_time": 0.37523508071899414, "passed": false}, "13": {"execution_time": 0.4278435707092285, "passed": false}, "14": {"execution_time": 0.44560885429382324, "passed": true}}}, "check_style_score": "0/1"}