{"version": "1", "message": "ERROR: Hidden Testcases server unreachable.", "problem_id": "ads2_m4_a1_1", "user_id": "harshithaRao5", "score": {"sample": {"0": {"execution_time": 0.5615329742431641, "passed": true}, "1": {"execution_time": 0.4203193187713623, "passed": false}, "2": {"execution_time": 0.28203821182250977, "passed": false}, "3": {"execution_time": 0.3726968765258789, "passed": false}, "4": {"execution_time": 0.37114596366882324, "passed": false}, "5": {"execution_time": 0.31154823303222656, "passed": false}, "6": {"execution_time": 0.39994096755981445, "passed": false}, "7": {"execution_time": 0.3941690921783447, "passed": false}, "8": {"execution_time": 0.5323762893676758, "passed": true}, "9": {"execution_time": 0.341599702835083, "passed": true}, "10": {"execution_time": 0.47377872467041016, "passed": true}, "11": {"execution_time": 0.4796903133392334, "passed": true}, "12": {"execution_time": 0.34464550018310547, "passed": true}, "13": {"execution_time": 0.3122549057006836, "passed": false}, "14": {"execution_time": 0.4455883502960205, "passed": true}}}, "check_style_score": "0/1"}