{"version": "1", "message": "ERROR: Hidden Testcases server unreachable.", "problem_id": "ads2_m4_a1_1", "user_id": "harshithaRao5", "score": {"sample": {"0": {"execution_time": 0.5833930969238281, "passed": true}, "1": {"execution_time": 0.513056755065918, "passed": false}, "2": {"execution_time": 0.4008021354675293, "passed": false}, "3": {"execution_time": 0.4317131042480469, "passed": false}, "4": {"execution_time": 0.5021648406982422, "passed": false}, "5": {"execution_time": 0.5219166278839111, "passed": false}, "6": {"execution_time": 0.41652941703796387, "passed": false}, "7": {"execution_time": 0.47109007835388184, "passed": false}, "8": {"execution_time": 0.521747350692749, "passed": true}, "9": {"execution_time": 0.2885098457336426, "passed": true}, "10": {"execution_time": 0.4365231990814209, "passed": true}, "11": {"execution_time": 0.41132402420043945, "passed": true}, "12": {"execution_time": 0.37030982971191406, "passed": true}, "13": {"execution_time": 0.409714937210083, "passed": false}, "14": {"execution_time": 0.3634159564971924, "passed": true}}}, "check_style_score": "0/1"}