{"version": "1", "message": "ERROR: Hidden Testcases server unreachable.", "problem_id": "ads2_m4_a1_1", "user_id": "harshithaRao5", "score": {"sample": {"0": {"execution_time": 0.4573326110839844, "passed": true}, "1": {"execution_time": 0.41608190536499023, "passed": false}, "2": {"execution_time": 0.453258752822876, "passed": false}, "3": {"execution_time": 0.3606560230255127, "passed": false}, "4": {"execution_time": 0.39920473098754883, "passed": false}, "5": {"execution_time": 0.37202882766723633, "passed": false}, "6": {"execution_time": 0.38254308700561523, "passed": false}, "7": {"execution_time": 0.369736909866333, "passed": false}, "8": {"execution_time": 0.5456829071044922, "passed": true}, "9": {"execution_time": 0.39767932891845703, "passed": true}, "10": {"execution_time": 0.3378605842590332, "passed": true}, "11": {"execution_time": 0.40998029708862305, "passed": false}, "12": {"execution_time": 0.49837303161621094, "passed": false}, "13": {"execution_time": 0.3888845443725586, "passed": false}, "14": {"execution_time": 0.45197129249572754, "passed": true}}}, "check_style_score": "0/1"}