{"version": "1", "message": "ERROR: Hidden Testcases server unreachable.", "problem_id": "ads2_m4_a1_1", "user_id": "harshithaRao5", "score": {"sample": {"0": {"execution_time": 0.31202054023742676, "passed": true}, "1": {"execution_time": 0.1698286533355713, "passed": false}, "2": {"execution_time": 0.1675870418548584, "passed": false}, "3": {"execution_time": 0.16356396675109863, "passed": false}, "4": {"execution_time": 0.18436861038208008, "passed": false}, "5": {"execution_time": 0.1842024326324463, "passed": false}, "6": {"execution_time": 0.18442559242248535, "passed": false}, "7": {"execution_time": 0.16917967796325684, "passed": false}, "8": {"execution_time": 0.2164006233215332, "passed": true}, "9": {"execution_time": 0.21512436866760254, "passed": true}, "10": {"execution_time": 0.16437029838562012, "passed": true}, "11": {"execution_time": 0.15082240104675293, "passed": true}, "12": {"execution_time": 0.1533982753753662, "passed": true}, "13": {"execution_time": 0.2694675922393799, "passed": false}, "14": {"execution_time": 0.20636868476867676, "passed": true}}}, "check_style_score": "0/1"}