{"version": "1", "message": "ERROR: Hidden Testcases server unreachable.", "problem_id": "ads2_m4_a1_1", "user_id": "harshithaRao5", "score": {"sample": {"0": {"execution_time": 0.539466381072998, "passed": true}, "1": {"execution_time": 0.39881134033203125, "passed": false}, "2": {"execution_time": 0.49963927268981934, "passed": false}, "3": {"execution_time": 0.43379998207092285, "passed": false}, "4": {"execution_time": 0.47318029403686523, "passed": false}, "5": {"execution_time": 0.5820784568786621, "passed": false}, "6": {"execution_time": 0.503690242767334, "passed": false}, "7": {"execution_time": 0.5829405784606934, "passed": false}, "8": {"execution_time": 0.5439176559448242, "passed": true}, "9": {"execution_time": 0.49286746978759766, "passed": true}, "10": {"execution_time": 0.4340076446533203, "passed": true}, "11": {"execution_time": 0.4065730571746826, "passed": true}, "12": {"execution_time": 0.3865981101989746, "passed": true}, "13": {"execution_time": 0.42612576484680176, "passed": false}, "14": {"execution_time": 0.5727453231811523, "passed": true}}}, "check_style_score": "0/1"}