{"version": "1", "message": "ERROR: Hidden Testcases server unreachable.", "problem_id": "ads2_m4_a1_1", "user_id": "harshithaRao5", "score": {"sample": {"0": {"execution_time": 0.5682520866394043, "passed": true}, "1": {"execution_time": 0.45741724967956543, "passed": false}, "2": {"execution_time": 0.4037613868713379, "passed": false}, "3": {"execution_time": 0.4415748119354248, "passed": false}, "4": {"execution_time": 0.43317651748657227, "passed": false}, "5": {"execution_time": 0.2844860553741455, "passed": false}, "6": {"execution_time": 0.43108153343200684, "passed": false}, "7": {"execution_time": 0.42389965057373047, "passed": false}, "8": {"execution_time": 0.41843605041503906, "passed": true}, "9": {"execution_time": 0.4204857349395752, "passed": true}, "10": {"execution_time": 0.5111725330352783, "passed": true}, "11": {"execution_time": 0.4802131652832031, "passed": false}, "12": {"execution_time": 0.4873952865600586, "passed": false}, "13": {"execution_time": 0.3320729732513428, "passed": false}, "14": {"execution_time": 0.43092775344848633, "passed": true}}}, "check_style_score": "0/1"}