{"version": "1", "message": "ERROR: Hidden Testcases server unreachable.", "problem_id": "ads2_m4_a1_1", "user_id": "harshithaRao5", "score": {"sample": {"0": {"execution_time": 0.5454216003417969, "passed": true}, "1": {"execution_time": 0.477649450302124, "passed": false}, "2": {"execution_time": 0.5777988433837891, "passed": false}, "3": {"execution_time": 0.5715653896331787, "passed": false}, "4": {"execution_time": 0.5735599994659424, "passed": true}, "5": {"execution_time": 0.35932230949401855, "passed": false}, "6": {"execution_time": 0.47780346870422363, "passed": false}, "7": {"execution_time": 0.2610969543457031, "passed": false}, "8": {"execution_time": 0.5191195011138916, "passed": true}, "9": {"execution_time": 0.5233981609344482, "passed": true}, "10": {"execution_time": 0.46303462982177734, "passed": true}, "11": {"execution_time": 0.35486531257629395, "passed": true}, "12": {"execution_time": 0.3190629482269287, "passed": true}, "13": {"execution_time": 1.135859489440918, "passed": false}, "14": {"execution_time": 0.39713191986083984, "passed": true}}}, "check_style_score": "0/1"}