{"version": "1", "message": "ERROR: Hidden Testcases server unreachable.", "problem_id": "ads2_m4_a1_1", "user_id": "harshithaRao5", "score": {"sample": {"0": {"execution_time": 0.2840850353240967, "passed": false}, "1": {"execution_time": 0.19499850273132324, "passed": false}, "2": {"execution_time": 0.18146395683288574, "passed": false}, "3": {"execution_time": 0.16111421585083008, "passed": false}, "4": {"execution_time": 0.22162842750549316, "passed": false}, "5": {"execution_time": 0.19092440605163574, "passed": false}, "6": {"execution_time": 0.22172284126281738, "passed": false}, "7": {"execution_time": 0.16536688804626465, "passed": false}, "8": {"execution_time": 0.21632027626037598, "passed": false}, "9": {"execution_time": 0.19748711585998535, "passed": false}, "10": {"execution_time": 0.1570274829864502, "passed": false}, "11": {"execution_time": 0.2543661594390869, "passed": false}, "12": {"execution_time": 0.19284272193908691, "passed": false}, "13": {"execution_time": 0.2278432846069336, "passed": false}, "14": {"execution_time": 0.2158203125, "passed": false}}}, "check_style_score": "0/1"}