{"version": "1", "message": "ERROR: Hidden Testcases server unreachable.", "problem_id": "ads2_m4_a1_1", "user_id": "harshithaRao5", "score": {"sample": {"0": {"execution_time": 0.6175658702850342, "passed": false}, "1": {"execution_time": 0.39270544052124023, "passed": false}, "2": {"execution_time": 0.33701372146606445, "passed": false}, "3": {"execution_time": 0.33125901222229004, "passed": false}, "4": {"execution_time": 0.46290135383605957, "passed": false}, "5": {"execution_time": 0.3512451648712158, "passed": false}, "6": {"execution_time": 0.3578619956970215, "passed": false}, "7": {"execution_time": 0.3354673385620117, "passed": false}, "8": {"execution_time": 0.4958944320678711, "passed": false}, "9": {"execution_time": 0.48784399032592773, "passed": false}, "10": {"execution_time": 0.5321869850158691, "passed": false}, "11": {"execution_time": 0.2954723834991455, "passed": false}, "12": {"execution_time": 0.37700605392456055, "passed": false}, "13": {"execution_time": 0.3295011520385742, "passed": false}, "14": {"execution_time": 0.6015870571136475, "passed": false}}}, "check_style_score": "0/1"}