{"version": "1", "message": "ERROR: Hidden Testcases server unreachable.", "problem_id": "ads2_m4_a1_1", "user_id": "harshithaRao5", "score": {"sample": {"0": {"execution_time": 0.5104320049285889, "passed": true}, "1": {"execution_time": 0.5198969841003418, "passed": false}, "2": {"execution_time": 0.4340221881866455, "passed": false}, "3": {"execution_time": 0.47128915786743164, "passed": false}, "4": {"execution_time": 0.5464186668395996, "passed": false}, "5": {"execution_time": 0.47100830078125, "passed": false}, "6": {"execution_time": 0.44359397888183594, "passed": false}, "7": {"execution_time": 0.5394606590270996, "passed": false}, "8": {"execution_time": 0.49902892112731934, "passed": true}, "9": {"execution_time": 0.3762204647064209, "passed": true}, "10": {"execution_time": 0.38060474395751953, "passed": true}, "11": {"execution_time": 0.44449710845947266, "passed": true}, "12": {"execution_time": 0.3196127414703369, "passed": true}, "13": {"execution_time": 0.555279016494751, "passed": false}, "14": {"execution_time": 0.3993077278137207, "passed": true}}}, "check_style_score": "0/1"}