{"version": "1", "message": "ERROR: Hidden Testcases server unreachable.", "problem_id": "ads2_m4_a1_1", "user_id": "harshithaRao5", "score": {"sample": {"0": {"execution_time": 0.48666906356811523, "passed": false}, "1": {"execution_time": 0.4326906204223633, "passed": false}, "2": {"execution_time": 0.4607419967651367, "passed": false}, "3": {"execution_time": 0.45045971870422363, "passed": false}, "4": {"execution_time": 0.38419556617736816, "passed": false}, "5": {"execution_time": 0.34650301933288574, "passed": false}, "6": {"execution_time": 0.4215068817138672, "passed": false}, "7": {"execution_time": 0.40990662574768066, "passed": false}, "8": {"execution_time": 0.48160529136657715, "passed": false}, "9": {"execution_time": 0.5448887348175049, "passed": false}, "10": {"execution_time": 0.4797487258911133, "passed": false}, "11": {"execution_time": 0.3503596782684326, "passed": false}, "12": {"execution_time": 0.3980882167816162, "passed": false}, "13": {"execution_time": 0.36192846298217773, "passed": false}, "14": {"execution_time": 0.4122605323791504, "passed": false}}}, "check_style_score": "0/1"}