{"version": "1", "message": "ERROR: Hidden Testcases server unreachable.", "problem_id": "ads2_m4_a1_1", "user_id": "harshithaRao5", "score": {"sample": {"0": {"execution_time": 0.5048210620880127, "passed": true}, "1": {"execution_time": 0.5103497505187988, "passed": false}, "2": {"execution_time": 0.3353877067565918, "passed": false}, "3": {"execution_time": 0.4889671802520752, "passed": false}, "4": {"execution_time": 0.2919914722442627, "passed": false}, "5": {"execution_time": 0.32785487174987793, "passed": false}, "6": {"execution_time": 0.43700242042541504, "passed": false}, "7": {"execution_time": 0.356673002243042, "passed": false}, "8": {"execution_time": 0.5178308486938477, "passed": true}, "9": {"execution_time": 0.5128848552703857, "passed": false}, "10": {"execution_time": 0.31923747062683105, "passed": false}, "11": {"execution_time": 0.3321707248687744, "passed": false}, "12": {"execution_time": 0.4027564525604248, "passed": false}, "13": {"execution_time": 0.3047494888305664, "passed": false}, "14": {"execution_time": 0.4097301959991455, "passed": false}}}, "check_style_score": "0/1"}