{"version": "1", "message": "ERROR: Hidden Testcases server unreachable.", "problem_id": "ads2_m4_a1_1", "user_id": "harshithaRao5", "score": {"sample": {"0": {"execution_time": 0.6934332847595215, "passed": true}, "1": {"execution_time": 0.549330472946167, "passed": true}, "2": {"execution_time": 0.5800967216491699, "passed": true}, "3": {"execution_time": 0.6822206974029541, "passed": true}, "4": {"execution_time": 0.48427629470825195, "passed": true}, "5": {"execution_time": 0.49834489822387695, "passed": true}, "6": {"execution_time": 0.5263733863830566, "passed": true}, "7": {"execution_time": 0.4436652660369873, "passed": true}, "8": {"execution_time": 0.5304543972015381, "passed": true}, "9": {"execution_time": 0.5254566669464111, "passed": true}, "10": {"execution_time": 0.49507594108581543, "passed": true}, "11": {"execution_time": 0.4394347667694092, "passed": true}, "12": {"execution_time": 0.4027676582336426, "passed": true}, "13": {"execution_time": 1.8105480670928955, "passed": true}, "14": {"execution_time": 0.5492813587188721, "passed": true}}}, "check_style_score": "0/1"}