{"version": "1", "message": "ERROR: Hidden Testcases server unreachable.", "problem_id": "ads2_m4_a1_1", "user_id": "harshithaRao5", "score": {"sample": {"0": {"execution_time": 0.5388085842132568, "passed": true}, "1": {"execution_time": 0.293656587600708, "passed": false}, "2": {"execution_time": 0.3665332794189453, "passed": false}, "3": {"execution_time": 0.49367761611938477, "passed": false}, "4": {"execution_time": 0.25926661491394043, "passed": false}, "5": {"execution_time": 0.30142641067504883, "passed": false}, "6": {"execution_time": 0.2760889530181885, "passed": false}, "7": {"execution_time": 0.26717209815979004, "passed": false}, "8": {"execution_time": 0.4539322853088379, "passed": true}, "9": {"execution_time": 0.5221993923187256, "passed": false}, "10": {"execution_time": 0.4253108501434326, "passed": false}, "11": {"execution_time": 0.4114522933959961, "passed": false}, "12": {"execution_time": 0.4504237174987793, "passed": false}, "13": {"execution_time": 0.3925960063934326, "passed": false}, "14": {"execution_time": 0.4300844669342041, "passed": true}}}, "check_style_score": "0/1"}