{"version": "1", "message": "ERROR: Hidden Testcases server unreachable.", "problem_id": "ads2_m4_a1_1", "user_id": "harshithaRao5", "score": {"sample": {"0": {"execution_time": 0.4261796474456787, "passed": false}, "1": {"execution_time": 0.4325859546661377, "passed": false}, "2": {"execution_time": 0.32150888442993164, "passed": false}, "3": {"execution_time": 0.34560179710388184, "passed": false}, "4": {"execution_time": 0.3515625, "passed": false}, "5": {"execution_time": 0.39159059524536133, "passed": false}, "6": {"execution_time": 0.47406768798828125, "passed": false}, "7": {"execution_time": 0.36377978324890137, "passed": false}, "8": {"execution_time": 0.39535951614379883, "passed": false}, "9": {"execution_time": 0.3768119812011719, "passed": false}, "10": {"execution_time": 0.5406069755554199, "passed": false}, "11": {"execution_time": 0.3964807987213135, "passed": false}, "12": {"execution_time": 0.32721757888793945, "passed": false}, "13": {"execution_time": 0.387953519821167, "passed": false}, "14": {"execution_time": 0.4218471050262451, "passed": false}}}, "check_style_score": "0/1"}