{"version": "1", "message": "ERROR: Hidden Testcases server unreachable.", "problem_id": "ads2_m4_a1_1", "user_id": "harshithaRao5", "score": {"sample": {"0": {"execution_time": 0.6732308864593506, "passed": true}, "1": {"execution_time": 0.46388983726501465, "passed": false}, "2": {"execution_time": 0.4543731212615967, "passed": false}, "3": {"execution_time": 0.3995518684387207, "passed": false}, "4": {"execution_time": 0.38089632987976074, "passed": false}, "5": {"execution_time": 0.4191317558288574, "passed": false}, "6": {"execution_time": 0.27733802795410156, "passed": false}, "7": {"execution_time": 0.40042710304260254, "passed": false}, "8": {"execution_time": 0.4649374485015869, "passed": false}, "9": {"execution_time": 0.5479280948638916, "passed": false}, "10": {"execution_time": 0.4953877925872803, "passed": false}, "11": {"execution_time": 0.34735798835754395, "passed": false}, "12": {"execution_time": 0.4756951332092285, "passed": false}, "13": {"execution_time": 0.28037524223327637, "passed": false}, "14": {"execution_time": 0.42433619499206543, "passed": false}}}, "check_style_score": "0/1"}