{"version": "1", "message": "ERROR: Hidden Testcases server unreachable.", "problem_id": "ads2_m4_a1_1", "user_id": "harshithaRao5", "score": {"sample": {"0": {"execution_time": 0.5031373500823975, "passed": true}, "1": {"execution_time": 0.5440895557403564, "passed": true}, "2": {"execution_time": 0.553337574005127, "passed": false}, "3": {"execution_time": 0.33960556983947754, "passed": false}, "4": {"execution_time": 0.45813441276550293, "passed": false}, "5": {"execution_time": 0.4521808624267578, "passed": false}, "6": {"execution_time": 0.4755101203918457, "passed": false}, "7": {"execution_time": 0.4540896415710449, "passed": true}, "8": {"execution_time": 0.30811309814453125, "passed": true}, "9": {"execution_time": 0.3521463871002197, "passed": false}, "10": {"execution_time": 0.5596714019775391, "passed": false}, "11": {"execution_time": 0.2969083786010742, "passed": true}, "12": {"execution_time": 0.47835588455200195, "passed": true}, "13": {"execution_time": 1.1821157932281494, "passed": false}, "14": {"execution_time": 0.3596622943878174, "passed": false}}}, "check_style_score": "0/1"}