{"version": "1", "message": "ERROR: Hidden Testcases server unreachable.", "problem_id": "ads2_m6_a1_1", "user_id": "harshithaRao5", "score": {"sample": {"0": {"execution_time": 0.26953983306884766, "passed": false}, "1": {"execution_time": 0.22173309326171875, "passed": false}, "2": {"execution_time": 0.24110746383666992, "passed": false}, "3": {"execution_time": 0.27373695373535156, "passed": false}, "4": {"execution_time": 0.21912074089050293, "passed": false}, "5": {"execution_time": 0.22322535514831543, "passed": false}, "6": {"execution_time": 0.22150349617004395, "passed": false}, "7": {"execution_time": 0.21853899955749512, "passed": false}, "8": {"execution_time": 0.2743396759033203, "passed": false}, "9": {"execution_time": 0.24013066291809082, "passed": false}, "10": {"execution_time": 0.21353816986083984, "passed": false}, "11": {"execution_time": 0.2506065368652344, "passed": false}}}, "check_style_score": "0/1"}