{"version": "1", "message": "ERROR: Hidden Testcases server unreachable.", "problem_id": "ads2_m6_a1_1", "user_id": "harshithaRao5", "score": {"sample": {"0": {"execution_time": 0.27187681198120117, "passed": false}, "1": {"execution_time": 0.2576935291290283, "passed": false}, "2": {"execution_time": 0.29625511169433594, "passed": false}, "3": {"execution_time": 0.2601594924926758, "passed": false}, "4": {"execution_time": 0.26372456550598145, "passed": false}, "5": {"execution_time": 0.249497652053833, "passed": false}, "6": {"execution_time": 0.21367835998535156, "passed": false}, "7": {"execution_time": 0.26726746559143066, "passed": false}, "8": {"execution_time": 0.3046548366546631, "passed": false}, "9": {"execution_time": 0.2589271068572998, "passed": false}, "10": {"execution_time": 0.2064208984375, "passed": false}, "11": {"execution_time": 0.2703125476837158, "passed": false}}}, "check_style_score": "0/1"}