{"version": "1", "message": "ERROR: Hidden Testcases server unreachable.", "problem_id": "ads2_m6_a1_1", "user_id": "harshithaRao5", "score": {"sample": {"0": {"execution_time": 0.29439520835876465, "passed": false}, "1": {"execution_time": 0.4019041061401367, "passed": false}, "2": {"execution_time": 0.3257133960723877, "passed": false}, "3": {"execution_time": 0.35938596725463867, "passed": false}, "4": {"execution_time": 0.41960859298706055, "passed": false}, "5": {"execution_time": 0.4038679599761963, "passed": false}, "6": {"execution_time": 0.3031494617462158, "passed": true}, "7": {"execution_time": 0.3261587619781494, "passed": false}, "8": {"execution_time": 0.3745131492614746, "passed": true}, "9": {"execution_time": 0.31052303314208984, "passed": false}, "10": {"execution_time": 0.2766592502593994, "passed": true}, "11": {"execution_time": 0.3575925827026367, "passed": false}}}, "check_style_score": "0/1"}