{"version": "1", "message": "ERROR: Hidden Testcases server unreachable.", "problem_id": "ads2_m6_a1_1", "user_id": "harshithaRao5", "score": {"sample": {"0": {"execution_time": 0.4615635871887207, "passed": false}, "1": {"execution_time": 0.4900698661804199, "passed": false}, "2": {"execution_time": 0.4197702407836914, "passed": false}, "3": {"execution_time": 0.6290185451507568, "passed": false}, "4": {"execution_time": 0.5822422504425049, "passed": true}, "5": {"execution_time": 0.4390711784362793, "passed": false}, "6": {"execution_time": 0.5408182144165039, "passed": true}, "7": {"execution_time": 0.7089383602142334, "passed": false}, "8": {"execution_time": 0.6587696075439453, "passed": true}, "9": {"execution_time": 0.5681247711181641, "passed": true}, "10": {"execution_time": 0.4835324287414551, "passed": true}, "11": {"execution_time": 0.6895673274993896, "passed": false}}}, "check_style_score": "0/1"}