{"version": "1", "message": "ERROR: Hidden Testcases server unreachable.", "problem_id": "ads2_m6_a1_1", "user_id": "harshithaRao5", "score": {"sample": {"0": {"execution_time": 0.6455087661743164, "passed": false}, "1": {"execution_time": 0.6117730140686035, "passed": false}, "2": {"execution_time": 0.4955596923828125, "passed": false}, "3": {"execution_time": 0.5751290321350098, "passed": false}, "4": {"execution_time": 0.5765924453735352, "passed": false}, "5": {"execution_time": 0.39273643493652344, "passed": false}, "6": {"execution_time": 0.44773364067077637, "passed": true}, "7": {"execution_time": 0.5199596881866455, "passed": false}, "8": {"execution_time": 0.5949125289916992, "passed": true}, "9": {"execution_time": 0.4149775505065918, "passed": false}, "10": {"execution_time": 0.5043363571166992, "passed": true}, "11": {"execution_time": 0.5441608428955078, "passed": false}}}, "check_style_score": "0/1"}