{"version": "1", "message": "ERROR: Hidden Testcases server unreachable.", "problem_id": "ads2_m6_a1_1", "user_id": "harshithaRao5", "score": {"sample": {"0": {"execution_time": 0.2628350257873535, "passed": false}, "1": {"execution_time": 0.3565487861633301, "passed": false}, "2": {"execution_time": 0.4194297790527344, "passed": false}, "3": {"execution_time": 0.29402804374694824, "passed": false}, "4": {"execution_time": 0.3260674476623535, "passed": false}, "5": {"execution_time": 0.3480043411254883, "passed": false}, "6": {"execution_time": 0.3022165298461914, "passed": true}, "7": {"execution_time": 0.35715627670288086, "passed": false}, "8": {"execution_time": 0.3247549533843994, "passed": true}, "9": {"execution_time": 0.32465577125549316, "passed": false}, "10": {"execution_time": 0.2431950569152832, "passed": true}, "11": {"execution_time": 0.38109755516052246, "passed": false}}}, "check_style_score": "0/1"}