{"version": "1", "message": "ERROR: Hidden Testcases server unreachable.", "problem_id": "ads2_m6_a1_1", "user_id": "harshithaRao5", "score": {"sample": {"0": {"execution_time": 0.2810540199279785, "passed": false}, "1": {"execution_time": 0.3886587619781494, "passed": false}, "2": {"execution_time": 0.341137170791626, "passed": false}, "3": {"execution_time": 0.3100564479827881, "passed": false}, "4": {"execution_time": 0.3099665641784668, "passed": false}, "5": {"execution_time": 0.38681983947753906, "passed": false}, "6": {"execution_time": 0.32666754722595215, "passed": true}, "7": {"execution_time": 0.3259456157684326, "passed": false}, "8": {"execution_time": 0.2943847179412842, "passed": true}, "9": {"execution_time": 0.32540130615234375, "passed": false}, "10": {"execution_time": 0.293914794921875, "passed": true}, "11": {"execution_time": 0.40368127822875977, "passed": false}}}, "check_style_score": "0/1"}