{"version": "1", "message": "ERROR: Hidden Testcases server unreachable.", "problem_id": "ads2_m6_a1_1", "user_id": "harshithaRao5", "score": {"sample": {"0": {"execution_time": 0.2803821563720703, "passed": false}, "1": {"execution_time": 0.3127024173736572, "passed": false}, "2": {"execution_time": 0.36122655868530273, "passed": false}, "3": {"execution_time": 0.37050604820251465, "passed": false}, "4": {"execution_time": 0.33771729469299316, "passed": false}, "5": {"execution_time": 0.34535813331604004, "passed": false}, "6": {"execution_time": 0.3442866802215576, "passed": true}, "7": {"execution_time": 0.27798891067504883, "passed": false}, "8": {"execution_time": 0.4195282459259033, "passed": true}, "9": {"execution_time": 0.3429572582244873, "passed": false}, "10": {"execution_time": 0.28168535232543945, "passed": true}, "11": {"execution_time": 0.3737680912017822, "passed": false}}}, "check_style_score": "0/1"}