{"version": "1", "message": "ERROR: Hidden Testcases server unreachable.", "problem_id": "ads2_m6_a1_1", "user_id": "harshithaRao5", "score": {"sample": {"0": {"execution_time": 0.5939021110534668, "passed": false}, "1": {"execution_time": 0.4571692943572998, "passed": false}, "2": {"execution_time": 0.3835172653198242, "passed": false}, "3": {"execution_time": 0.548377275466919, "passed": false}, "4": {"execution_time": 0.5196006298065186, "passed": false}, "5": {"execution_time": 0.586456298828125, "passed": true}, "6": {"execution_time": 0.5476977825164795, "passed": true}, "7": {"execution_time": 0.4817318916320801, "passed": false}, "8": {"execution_time": 0.42311644554138184, "passed": true}, "9": {"execution_time": 0.5213539600372314, "passed": false}, "10": {"execution_time": 0.379685640335083, "passed": true}, "11": {"execution_time": 0.6907505989074707, "passed": false}}}, "check_style_score": "0/1"}