{"version": "1", "message": "ERROR: Hidden Testcases server unreachable.", "problem_id": "ads2_m6_a1_1", "user_id": "harshithaRao5", "score": {"sample": {"0": {"execution_time": 0.548595666885376, "passed": false}, "1": {"execution_time": 0.5758962631225586, "passed": false}, "2": {"execution_time": 0.5430641174316406, "passed": false}, "3": {"execution_time": 0.4554290771484375, "passed": false}, "4": {"execution_time": 0.5236554145812988, "passed": false}, "5": {"execution_time": 0.5152854919433594, "passed": false}, "6": {"execution_time": 0.5854446887969971, "passed": true}, "7": {"execution_time": 0.4351480007171631, "passed": false}, "8": {"execution_time": 0.5417537689208984, "passed": true}, "9": {"execution_time": 0.5313167572021484, "passed": false}, "10": {"execution_time": 0.5359435081481934, "passed": true}, "11": {"execution_time": 0.6630856990814209, "passed": false}}}, "check_style_score": "0/1"}