{"version": "1", "message": "ERROR: Hidden Testcases server unreachable.", "problem_id": "ads2_m6_a1_1", "user_id": "harshithaRao5", "score": {"sample": {"0": {"execution_time": 0.5701134204864502, "passed": false}, "1": {"execution_time": 0.4756171703338623, "passed": false}, "2": {"execution_time": 0.5078146457672119, "passed": false}, "3": {"execution_time": 0.4412648677825928, "passed": false}, "4": {"execution_time": 0.4981980323791504, "passed": false}, "5": {"execution_time": 0.31580185890197754, "passed": false}, "6": {"execution_time": 0.48052024841308594, "passed": false}, "7": {"execution_time": 0.5244934558868408, "passed": false}, "8": {"execution_time": 0.4504814147949219, "passed": false}, "9": {"execution_time": 0.6067337989807129, "passed": false}, "10": {"execution_time": 0.5192301273345947, "passed": false}, "11": {"execution_time": 0.45035648345947266, "passed": false}}}, "check_style_score": "0/1"}