{"version": "1", "message": "ERROR: Hidden Testcases server unreachable.", "problem_id": "ads2_m6_a1_1", "user_id": "harshithaRao5", "score": {"sample": {"0": {"execution_time": 0.5612337589263916, "passed": false}, "1": {"execution_time": 0.4377758502960205, "passed": false}, "2": {"execution_time": 0.5834779739379883, "passed": false}, "3": {"execution_time": 0.5643584728240967, "passed": false}, "4": {"execution_time": 0.7005050182342529, "passed": false}, "5": {"execution_time": 0.6037521362304688, "passed": false}, "6": {"execution_time": 0.5332672595977783, "passed": true}, "7": {"execution_time": 0.5716557502746582, "passed": false}, "8": {"execution_time": 0.5112283229827881, "passed": true}, "9": {"execution_time": 0.5321948528289795, "passed": false}, "10": {"execution_time": 0.5709617137908936, "passed": false}, "11": {"execution_time": 0.5710430145263672, "passed": false}}}, "check_style_score": "0/1"}