{"version": "1", "message": "ERROR: Hidden Testcases server unreachable.", "problem_id": "ads2_m6_a1_1", "user_id": "harshithaRao5", "score": {"sample": {"0": {"execution_time": 0.26637983322143555, "passed": false}, "1": {"execution_time": 0.3556666374206543, "passed": false}, "2": {"execution_time": 0.37218451499938965, "passed": false}, "3": {"execution_time": 0.3760960102081299, "passed": false}, "4": {"execution_time": 0.3122584819793701, "passed": false}, "5": {"execution_time": 0.3734931945800781, "passed": false}, "6": {"execution_time": 0.31143879890441895, "passed": true}, "7": {"execution_time": 0.3599100112915039, "passed": false}, "8": {"execution_time": 0.3773231506347656, "passed": true}, "9": {"execution_time": 0.3894624710083008, "passed": false}, "10": {"execution_time": 0.2654573917388916, "passed": true}, "11": {"execution_time": 0.4512596130371094, "passed": false}}}, "check_style_score": "0/1"}