{"version": "1", "message": "ERROR: Hidden Testcases server unreachable.", "problem_id": "ads2_m6_a1_1", "user_id": "harshithaRao5", "score": {"sample": {"0": {"execution_time": 0.3102598190307617, "passed": false}, "1": {"execution_time": 0.3109264373779297, "passed": false}, "2": {"execution_time": 0.2923583984375, "passed": false}, "3": {"execution_time": 0.40474796295166016, "passed": false}, "4": {"execution_time": 0.3424570560455322, "passed": false}, "5": {"execution_time": 0.46732258796691895, "passed": false}, "6": {"execution_time": 0.2795703411102295, "passed": true}, "7": {"execution_time": 0.34321022033691406, "passed": false}, "8": {"execution_time": 0.2784883975982666, "passed": true}, "9": {"execution_time": 0.3501551151275635, "passed": false}, "10": {"execution_time": 0.2958223819732666, "passed": true}, "11": {"execution_time": 0.36974191665649414, "passed": false}}}, "check_style_score": "0/1"}