{"version": "1", "message": "ERROR: Hidden Testcases server unreachable.", "problem_id": "ads2_m6_a1_1", "user_id": "harshithaRao5", "score": {"sample": {"0": {"execution_time": 0.2651939392089844, "passed": false}, "1": {"execution_time": 0.31042981147766113, "passed": false}, "2": {"execution_time": 0.3562636375427246, "passed": false}, "3": {"execution_time": 0.35721683502197266, "passed": false}, "4": {"execution_time": 0.3258631229400635, "passed": false}, "5": {"execution_time": 0.40351247787475586, "passed": false}, "6": {"execution_time": 0.2939493656158447, "passed": true}, "7": {"execution_time": 0.3546445369720459, "passed": false}, "8": {"execution_time": 0.3133251667022705, "passed": true}, "9": {"execution_time": 0.3414769172668457, "passed": false}, "10": {"execution_time": 0.30939769744873047, "passed": true}, "11": {"execution_time": 0.3878474235534668, "passed": false}}}, "check_style_score": "0/1"}