{"version": "1", "message": "ERROR: Hidden Testcases server unreachable.", "problem_id": "ads2_m6_a1_1", "user_id": "harshithaRao5", "score": {"sample": {"0": {"execution_time": 0.6333513259887695, "passed": false}, "1": {"execution_time": 0.6198103427886963, "passed": false}, "2": {"execution_time": 0.6051335334777832, "passed": false}, "3": {"execution_time": 0.6858005523681641, "passed": false}, "4": {"execution_time": 0.5869240760803223, "passed": true}, "5": {"execution_time": 0.7515823841094971, "passed": false}, "6": {"execution_time": 0.6573474407196045, "passed": true}, "7": {"execution_time": 0.43115949630737305, "passed": false}, "8": {"execution_time": 0.6978344917297363, "passed": true}, "9": {"execution_time": 0.606212854385376, "passed": true}, "10": {"execution_time": 0.5569202899932861, "passed": true}, "11": {"execution_time": 0.5378119945526123, "passed": false}}}, "check_style_score": "0/1"}