{"version": "1", "message": "ERROR: Hidden Testcases server unreachable.", "problem_id": "ads2_m6_a1_1", "user_id": "harshithaRao5", "score": {"sample": {"0": {"execution_time": 0.41460514068603516, "passed": false}, "1": {"execution_time": 0.372560977935791, "passed": false}, "2": {"execution_time": 0.2944967746734619, "passed": false}, "3": {"execution_time": 0.3112022876739502, "passed": false}, "4": {"execution_time": 0.35753440856933594, "passed": false}, "5": {"execution_time": 0.34685373306274414, "passed": false}, "6": {"execution_time": 0.31954336166381836, "passed": false}, "7": {"execution_time": 0.32620811462402344, "passed": false}, "8": {"execution_time": 0.3106985092163086, "passed": false}, "9": {"execution_time": 0.3735771179199219, "passed": false}, "10": {"execution_time": 0.31160783767700195, "passed": false}, "11": {"execution_time": 0.31061601638793945, "passed": false}}}, "check_style_score": "0/1"}