{"version": "1", "message": "ERROR: Hidden Testcases server unreachable.", "problem_id": "ads2_m6_a1_1", "user_id": "harshithaRao5", "score": {"sample": {"0": {"execution_time": 0.418529748916626, "passed": false}, "1": {"execution_time": 0.4552323818206787, "passed": false}, "2": {"execution_time": 0.537055492401123, "passed": false}, "3": {"execution_time": 0.39344191551208496, "passed": false}, "4": {"execution_time": 0.5324423313140869, "passed": false}, "5": {"execution_time": 0.6308090686798096, "passed": true}, "6": {"execution_time": 0.35191917419433594, "passed": true}, "7": {"execution_time": 0.43166422843933105, "passed": false}, "8": {"execution_time": 0.46285200119018555, "passed": true}, "9": {"execution_time": 0.5034427642822266, "passed": false}, "10": {"execution_time": 0.5209648609161377, "passed": true}, "11": {"execution_time": 0.4185206890106201, "passed": false}}}, "check_style_score": "0/1"}