{"version": "1", "message": "ERROR: Hidden Testcases server unreachable.", "problem_id": "ads2_m6_a1_1", "user_id": "harshithaRao5", "score": {"sample": {"0": {"execution_time": 0.5146894454956055, "passed": false}, "1": {"execution_time": 0.5690369606018066, "passed": false}, "2": {"execution_time": 0.5721182823181152, "passed": false}, "3": {"execution_time": 0.6143972873687744, "passed": false}, "4": {"execution_time": 0.5446662902832031, "passed": false}, "5": {"execution_time": 0.6372137069702148, "passed": true}, "6": {"execution_time": 0.46822667121887207, "passed": true}, "7": {"execution_time": 0.5427563190460205, "passed": false}, "8": {"execution_time": 0.49216651916503906, "passed": true}, "9": {"execution_time": 0.5235662460327148, "passed": false}, "10": {"execution_time": 0.4812018871307373, "passed": true}, "11": {"execution_time": 0.6117098331451416, "passed": false}}}, "check_style_score": "0/1"}