{"version": "1", "message": "ERROR: Hidden Testcases server unreachable.", "problem_id": "ads2_m6_a1_1", "user_id": "harshithaRao5", "score": {"sample": {"0": {"execution_time": 1.5234224796295166, "passed": false}, "1": {"execution_time": 0.439744234085083, "passed": false}, "2": {"execution_time": 0.40543460845947266, "passed": false}, "3": {"execution_time": 0.36103343963623047, "passed": false}, "4": {"execution_time": 0.45149660110473633, "passed": false}, "5": {"execution_time": 0.4356381893157959, "passed": false}, "6": {"execution_time": 0.41933560371398926, "passed": false}, "7": {"execution_time": 0.4780852794647217, "passed": false}, "8": {"execution_time": 0.3402700424194336, "passed": false}, "9": {"execution_time": 0.36794209480285645, "passed": false}, "10": {"execution_time": 0.25321102142333984, "passed": false}, "11": {"execution_time": 0.473949670791626, "passed": false}}}, "check_style_score": "0/1"}