{"version": "1", "message": "ERROR: Hidden Testcases server unreachable.", "problem_id": "ads2_m6_a1_1", "user_id": "harshithaRao5", "score": {"sample": {"0": {"execution_time": 1.170358657836914, "passed": false}, "1": {"execution_time": 0.5347137451171875, "passed": false}, "2": {"execution_time": 0.45653271675109863, "passed": false}, "3": {"execution_time": 0.5061390399932861, "passed": false}, "4": {"execution_time": 0.4807724952697754, "passed": false}, "5": {"execution_time": 0.5322153568267822, "passed": false}, "6": {"execution_time": 0.4320504665374756, "passed": false}, "7": {"execution_time": 0.5051982402801514, "passed": false}, "8": {"execution_time": 0.5026388168334961, "passed": false}, "9": {"execution_time": 0.5039010047912598, "passed": false}, "10": {"execution_time": 0.4929473400115967, "passed": false}, "11": {"execution_time": 0.5652792453765869, "passed": false}}}, "check_style_score": "0/1"}