{"version": "1", "message": "ERROR: Hidden Testcases server unreachable.", "problem_id": "ads2_m6_a1_1", "user_id": "harshithaRao5", "score": {"sample": {"0": {"execution_time": 0.5359437465667725, "passed": false}, "1": {"execution_time": 0.5893499851226807, "passed": false}, "2": {"execution_time": 0.4058055877685547, "passed": false}, "3": {"execution_time": 0.5589993000030518, "passed": false}, "4": {"execution_time": 0.5346903800964355, "passed": false}, "5": {"execution_time": 0.42723608016967773, "passed": false}, "6": {"execution_time": 0.5177285671234131, "passed": false}, "7": {"execution_time": 0.5509250164031982, "passed": false}, "8": {"execution_time": 0.5535051822662354, "passed": false}, "9": {"execution_time": 0.538543701171875, "passed": false}, "10": {"execution_time": 0.5338535308837891, "passed": false}, "11": {"execution_time": 0.5797998905181885, "passed": false}}}, "check_style_score": "0/1"}