{"version": "1", "message": "ERROR: Hidden Testcases server unreachable.", "problem_id": "ads2_m6_a1_1", "user_id": "harshithaRao5", "score": {"sample": {"0": {"execution_time": 0.27373433113098145, "passed": false}, "1": {"execution_time": 0.27043628692626953, "passed": false}, "2": {"execution_time": 0.26079821586608887, "passed": false}, "3": {"execution_time": 0.21697497367858887, "passed": false}, "4": {"execution_time": 0.25928759574890137, "passed": false}, "5": {"execution_time": 0.22636866569519043, "passed": false}, "6": {"execution_time": 0.22603607177734375, "passed": false}, "7": {"execution_time": 0.22495031356811523, "passed": false}, "8": {"execution_time": 0.24246621131896973, "passed": false}, "9": {"execution_time": 0.2546112537384033, "passed": false}, "10": {"execution_time": 0.2524237632751465, "passed": false}, "11": {"execution_time": 0.2807185649871826, "passed": false}}}, "check_style_score": "0/1"}