{"version": "1", "message": "ERROR: Hidden Testcases server unreachable.", "problem_id": "ads2_m2_a1_1", "user_id": "harshithaRao5", "score": {"sample": {"0": {"execution_time": 0.4174840450286865, "passed": false}, "1": {"execution_time": 0.3507218360900879, "passed": false}, "2": {"execution_time": 0.22971367835998535, "passed": false}, "3": {"execution_time": 0.28318285942077637, "passed": false}, "4": {"execution_time": 0.3998532295227051, "passed": false}, "5": {"execution_time": 0.3541431427001953, "passed": false}, "6": {"execution_time": 0.3144979476928711, "passed": false}, "7": {"execution_time": 0.3513786792755127, "passed": false}, "8": {"execution_time": 0.34830760955810547, "passed": false}, "9": {"execution_time": 0.4301624298095703, "passed": false}, "10": {"execution_time": 0.4496002197265625, "passed": false}, "11": {"execution_time": 0.39356303215026855, "passed": false}, "12": {"execution_time": 0.38829851150512695, "passed": false}, "13": {"execution_time": 0.32010364532470703, "passed": false}, "14": {"execution_time": 0.2433006763458252, "passed": false}, "15": {"execution_time": 0.3010368347167969, "passed": false}, "16": {"execution_time": 0.39854907989501953, "passed": false}, "17": {"execution_time": 0.2994668483734131, "passed": false}, "18": {"execution_time": 0.29187655448913574, "passed": false}, "19": {"execution_time": 0.36380624771118164, "passed": false}, "20": {"execution_time": 0.3172495365142822, "passed": false}, "21": {"execution_time": 0.3585531711578369, "passed": false}, "22": {"execution_time": 0.4516422748565674, "passed": false}, "23": {"execution_time": 0.33716344833374023, "passed": false}}}, "check_style_score": "0/1"}