{"version": "1", "message": "ERROR: Hidden Testcases server unreachable.", "problem_id": "ads2_m2_a1_1", "user_id": "harshithaRao5", "score": {"sample": {"0": {"execution_time": 0.19408106803894043, "passed": false}, "1": {"execution_time": 0.1994624137878418, "passed": false}, "2": {"execution_time": 0.20081114768981934, "passed": true}, "3": {"execution_time": 0.2155444622039795, "passed": false}, "4": {"execution_time": 0.16873407363891602, "passed": true}, "5": {"execution_time": 0.17184209823608398, "passed": false}, "6": {"execution_time": 0.20119237899780273, "passed": true}, "7": {"execution_time": 0.18635964393615723, "passed": true}, "8": {"execution_time": 0.19983386993408203, "passed": true}, "9": {"execution_time": 0.1687760353088379, "passed": true}, "10": {"execution_time": 0.1828463077545166, "passed": true}, "11": {"execution_time": 0.20015645027160645, "passed": true}, "12": {"execution_time": 0.21750521659851074, "passed": true}, "13": {"execution_time": 0.21645712852478027, "passed": false}, "14": {"execution_time": 0.21631217002868652, "passed": true}, "15": {"execution_time": 0.1999833583831787, "passed": false}, "16": {"execution_time": 0.16917991638183594, "passed": true}, "17": {"execution_time": 0.16965413093566895, "passed": true}, "18": {"execution_time": 0.2154090404510498, "passed": true}, "19": {"execution_time": 0.23100900650024414, "passed": true}, "20": {"execution_time": 0.20034265518188477, "passed": true}, "21": {"execution_time": 0.21602511405944824, "passed": true}, "22": {"execution_time": 0.20000457763671875, "passed": true}, "23": {"execution_time": 0.23155498504638672, "passed": true}}}, "check_style_score": "0/1"}