{"version": "1", "message": "ERROR: Hidden Testcases server unreachable.", "problem_id": "ads2_m2_a1_1", "user_id": "harshithaRao5", "score": {"sample": {"0": {"execution_time": 0.4430060386657715, "passed": false}, "1": {"execution_time": 0.42551565170288086, "passed": false}, "2": {"execution_time": 0.31394195556640625, "passed": true}, "3": {"execution_time": 0.4337320327758789, "passed": false}, "4": {"execution_time": 0.3916466236114502, "passed": true}, "5": {"execution_time": 0.4011826515197754, "passed": false}, "6": {"execution_time": 0.3384575843811035, "passed": true}, "7": {"execution_time": 0.46998167037963867, "passed": true}, "8": {"execution_time": 0.4364333152770996, "passed": true}, "9": {"execution_time": 0.3671398162841797, "passed": true}, "10": {"execution_time": 0.34447360038757324, "passed": true}, "11": {"execution_time": 0.4810762405395508, "passed": true}, "12": {"execution_time": 0.311676025390625, "passed": true}, "13": {"execution_time": 0.38963890075683594, "passed": false}, "14": {"execution_time": 0.44114208221435547, "passed": true}, "15": {"execution_time": 0.4130873680114746, "passed": false}, "16": {"execution_time": 0.3167550563812256, "passed": true}, "17": {"execution_time": 0.33071351051330566, "passed": true}, "18": {"execution_time": 0.449171781539917, "passed": true}, "19": {"execution_time": 0.3873922824859619, "passed": true}, "20": {"execution_time": 0.3849341869354248, "passed": true}, "21": {"execution_time": 0.3280611038208008, "passed": true}, "22": {"execution_time": 0.36397385597229004, "passed": true}, "23": {"execution_time": 0.2516481876373291, "passed": true}}}, "check_style_score": "0/1"}