{"version": "1", "message": "ERROR: Hidden Testcases server unreachable.", "problem_id": "ads2_m2_a1_1", "user_id": "harshithaRao5", "score": {"sample": {"0": {"execution_time": 0.3981766700744629, "passed": true}, "1": {"execution_time": 0.38140416145324707, "passed": true}, "2": {"execution_time": 0.4098188877105713, "passed": true}, "3": {"execution_time": 0.3830077648162842, "passed": false}, "4": {"execution_time": 0.43089985847473145, "passed": false}, "5": {"execution_time": 0.432758092880249, "passed": true}, "6": {"execution_time": 0.31758809089660645, "passed": false}, "7": {"execution_time": 0.4724550247192383, "passed": false}, "8": {"execution_time": 0.31595802307128906, "passed": false}, "9": {"execution_time": 0.3838958740234375, "passed": false}, "10": {"execution_time": 0.30680012702941895, "passed": false}, "11": {"execution_time": 0.2814295291900635, "passed": false}, "12": {"execution_time": 0.4625833034515381, "passed": false}, "13": {"execution_time": 0.34920835494995117, "passed": true}, "14": {"execution_time": 0.31055331230163574, "passed": false}, "15": {"execution_time": 0.3244168758392334, "passed": true}, "16": {"execution_time": 0.3481593132019043, "passed": false}, "17": {"execution_time": 0.4080183506011963, "passed": false}, "18": {"execution_time": 0.39284729957580566, "passed": false}, "19": {"execution_time": 0.33317136764526367, "passed": false}, "20": {"execution_time": 0.35855650901794434, "passed": false}, "21": {"execution_time": 0.37244701385498047, "passed": false}, "22": {"execution_time": 0.358905553817749, "passed": false}, "23": {"execution_time": 0.3511672019958496, "passed": false}}}, "check_style_score": "0/1"}