{"version": "1", "message": "ERROR: Hidden Testcases server unreachable.", "problem_id": "ads2_m2_a1_1", "user_id": "harshithaRao5", "score": {"sample": {"0": {"execution_time": 0.42058658599853516, "passed": true}, "1": {"execution_time": 0.406390905380249, "passed": true}, "2": {"execution_time": 0.26741671562194824, "passed": true}, "3": {"execution_time": 0.26030659675598145, "passed": false}, "4": {"execution_time": 0.46582937240600586, "passed": false}, "5": {"execution_time": 0.3573322296142578, "passed": true}, "6": {"execution_time": 0.3947315216064453, "passed": false}, "7": {"execution_time": 0.30576324462890625, "passed": false}, "8": {"execution_time": 0.4534590244293213, "passed": false}, "9": {"execution_time": 0.40534543991088867, "passed": false}, "10": {"execution_time": 0.44239020347595215, "passed": false}, "11": {"execution_time": 0.29495763778686523, "passed": false}, "12": {"execution_time": 0.4463176727294922, "passed": false}, "13": {"execution_time": 0.3309364318847656, "passed": true}, "14": {"execution_time": 0.34664344787597656, "passed": false}, "15": {"execution_time": 0.297532320022583, "passed": true}, "16": {"execution_time": 0.3776388168334961, "passed": false}, "17": {"execution_time": 0.40366554260253906, "passed": false}, "18": {"execution_time": 0.4002718925476074, "passed": false}, "19": {"execution_time": 0.40984582901000977, "passed": false}, "20": {"execution_time": 0.3003854751586914, "passed": false}, "21": {"execution_time": 0.239349365234375, "passed": false}, "22": {"execution_time": 0.37728428840637207, "passed": false}, "23": {"execution_time": 0.40579819679260254, "passed": false}}}, "check_style_score": "0/1"}