{"version": "1", "message": "ERROR: Hidden Testcases server unreachable.", "problem_id": "ads2_m2_a1_1", "user_id": "harshithaRao5", "score": {"sample": {"0": {"execution_time": 0.43146276473999023, "passed": true}, "1": {"execution_time": 0.3951401710510254, "passed": true}, "2": {"execution_time": 0.41352200508117676, "passed": true}, "3": {"execution_time": 0.3325026035308838, "passed": false}, "4": {"execution_time": 0.4126777648925781, "passed": false}, "5": {"execution_time": 0.43175649642944336, "passed": true}, "6": {"execution_time": 0.45543980598449707, "passed": false}, "7": {"execution_time": 0.415874719619751, "passed": false}, "8": {"execution_time": 0.45581936836242676, "passed": false}, "9": {"execution_time": 0.40308165550231934, "passed": false}, "10": {"execution_time": 0.3342018127441406, "passed": false}, "11": {"execution_time": 0.3515808582305908, "passed": false}, "12": {"execution_time": 0.4332740306854248, "passed": false}, "13": {"execution_time": 0.3697357177734375, "passed": true}, "14": {"execution_time": 0.4255712032318115, "passed": false}, "15": {"execution_time": 0.40001368522644043, "passed": true}, "16": {"execution_time": 0.360642671585083, "passed": false}, "17": {"execution_time": 0.4125511646270752, "passed": false}, "18": {"execution_time": 0.2836935520172119, "passed": false}, "19": {"execution_time": 0.378248929977417, "passed": false}, "20": {"execution_time": 0.43950462341308594, "passed": false}, "21": {"execution_time": 0.32570600509643555, "passed": false}, "22": {"execution_time": 0.2814362049102783, "passed": false}, "23": {"execution_time": 0.4253535270690918, "passed": false}}}, "check_style_score": "0/1"}